============================================================
==> Building VP variant in /home/hpc-i/student10/HemePure_GPU_AMD/src/build/VP
============================================================
-- The C compiler identification is NVHPC 26.3.0
-- The CXX compiler identification is Clang 22.0.0
-- Detecting C compiler ABI info
-- Detecting C compiler ABI info - done
-- Check for working C compiler: /opt/nvidia/hpc_sdk/Linux_x86_64/26.3/compilers/bin/nvc - skipped
-- Detecting C compile features
-- Detecting C compile features - done
-- Detecting CXX compiler ABI info
-- Detecting CXX compiler ABI info - done
-- Check for working CXX compiler: /opt/rocm-7.2.0/bin/hipcc - skipped
-- Detecting CXX compile features
-- Detecting CXX compile features - done
-- Found OpenMP_C: -mp (found version "5.1") 
-- Found OpenMP_CXX: -fopenmp=libomp  
-- Found OpenMP: TRUE (found version "5.1")  
CMake Warning (dev) at CMakeLists.txt:53 (set):
  implicitly converting 'INTEGER' to 'STRING' type.
This warning is for project developers.  Use -Wno-dev to suppress it.

CMake Warning (dev) at CMakeLists.txt:55 (set):
  implicitly converting 'INTEGER' to 'STRING' type.
This warning is for project developers.  Use -Wno-dev to suppress it.

'CXXFlags=' -Wno-deprecated-declarations -O3
-- The HIP compiler identification is Clang 22.0.0
-- Detecting HIP compiler ABI info
-- Detecting HIP compiler ABI info - done
-- Check for working HIP compiler: /opt/rocm-7.2.0/lib/llvm/bin/clang++ - skipped
-- Detecting HIP compile features
-- Detecting HIP compile features - done
CMake Warning (dev) at /opt/rocm-7.2.0/lib/cmake/hip/hip-config-amd.cmake:70 (message):
  AMDGPU_TARGETS is deprecated.  Please use GPU_TARGETS instead.
Call Stack (most recent call first):
  /opt/rocm-7.2.0/lib/cmake/hip/hip-config.cmake:138 (include)
  CMakeLists.txt:233 (find_package)
This warning is for project developers.  Use -Wno-dev to suppress it.

-- Performing Test CMAKE_HAVE_LIBC_PTHREAD
-- Performing Test CMAKE_HAVE_LIBC_PTHREAD - Success
-- Found Threads: TRUE  
-- Performing Test HIP_CLANG_SUPPORTS_PARALLEL_JOBS
-- Performing Test HIP_CLANG_SUPPORTS_PARALLEL_JOBS - Success
HIP found
   HIP_PATH:         /opt/rocm
   HIP version:      
   HIP platform:     amd
   HIP runtime:      rocclr
   HIP compiler:     clang
   HIP Include Path: /opt/rocm-7.2.0/include
   HIP Libraries:    hip::host;hip::device
   GPU compiler:     /opt/rocm-7.2.0/bin/hipcc
-- Enabling MPI Parallel I/O for geometry reading
-- Performing Test HAVE_RUSAGE
-- Performing Test HAVE_RUSAGE - Success
-- Looking for funopen
-- Looking for funopen - not found
-- Looking for fopencookie
-- Looking for fopencookie - found
-- Found MPI_C: /opt/nvidia/hpc_sdk/Linux_x86_64/26.3/comm_libs/13.1/hpcx/hpcx-2.25.1/ompi/lib/libmpi.so (found version "3.1") 
-- Found MPI_CXX: /opt/nvidia/hpc_sdk/Linux_x86_64/26.3/comm_libs/13.1/hpcx/hpcx-2.25.1/ompi/lib/libmpi.so (found version "3.1") 
-- Found MPI: TRUE (found version "3.1")  
-- Performing Test HAVE_CONSTCORRECTMPI
-- Performing Test HAVE_CONSTCORRECTMPI - Success
-- Found PARMETIS: /home/hpc-i/student10/HemePure_GPU_AMD/dep/install/lib/libparmetis.a;/home/hpc-i/student10/HemePure_GPU_AMD/dep/install/lib/libmetis.a  
-- Found TINYXML: /home/hpc-i/student10/HemePure_GPU_AMD/dep/install/lib/libtinyxml.a  
-- Found CTEMPLATE: /home/hpc-i/student10/HemePure_GPU_AMD/dep/install/lib/libctemplate.so  
-- Found Boost: /home/hpc-i/student10/HemePure_GPU_AMD/dep/install/include (found suitable version "1.83.0", minimum required is "1.54")  
-- Found ZLIB: /usr/lib/x86_64-linux-gnu/libz.so (found version "1.3")  
-- Checking for module 'libtirpc'
--   Package 'libtirpc', required by 'virtual:world', not found
-- Found TIRPC: /home/hpc-i/student10/HemePure_GPU_AMD/dep/install/include/tirpc  
-- Performing Test HAVE_XDRUINTXX_T
-- Performing Test HAVE_XDRUINTXX_T - Success
-- Configuring done (20.6s)
-- Generating done (0.0s)
-- Build files have been written to: /home/hpc-i/student10/HemePure_GPU_AMD/src/build/VP
[  1%] Building CXX object log/CMakeFiles/hemelb_log.dir/Logger.cc.o
[  2%] Building CXX object reporting/CMakeFiles/hemelb_reporting.dir/Reporter.cc.o
[  2%] Building CXX object util/CMakeFiles/hemelb_util.dir/Vector3D.cc.o
[  4%] Building CXX object util/CMakeFiles/hemelb_util.dir/Matrix3D.cc.o
[  4%] Building CXX object util/CMakeFiles/hemelb_util.dir/Vector3DHemeLb.cc.o
[  5%] Building CXX object util/CMakeFiles/hemelb_util.dir/UnitConverter.cc.o
[  6%] Building CXX object util/CMakeFiles/hemelb_util.dir/fileutils.cc.o
[  7%] Building CXX object util/CMakeFiles/hemelb_util.dir/Bessel.cc.o
[  8%] Building CXX object util/CMakeFiles/hemelb_util.dir/utilityFunctions.cc.o
[  9%] Building CXX object reporting/CMakeFiles/hemelb_reporting.dir/Timers.cc.o
[ 10%] Building CXX object configuration/CMakeFiles/hemelb_configuration.dir/CommandLine.cc.o
[ 11%] Building CXX object extraction/CMakeFiles/hemelb_extraction.dir/GeometrySelector.cc.o
[ 11%] Building CXX object net/CMakeFiles/hemelb_net.dir/MpiDataType.cc.o
[ 12%] Building CXX object lb/CMakeFiles/hemelb_lb.dir/iolets/BoundaryCommunicator.cc.o
[ 12%] Building HIP object CMakeFiles/gpu_objs.dir/SimulationMaster.cu.o
[ 12%] Building CXX object geometry/CMakeFiles/hemelb_geometry.dir/Block.cc.o
[ 13%] Building HIP object CMakeFiles/gpu_objs.dir/cuda_kernels_def_decl/hip/deviceAPI_hip.cc.o
[ 14%] Building CXX object net/CMakeFiles/hemelb_net.dir/MpiEnvironment.cc.o
[ 14%] Building HIP object configuration/CMakeFiles/hemelb_configuration.dir/SimConfig.cc.o
[ 15%] Building HIP object lb/CMakeFiles/hemelb_lb.dir/iolets/BoundaryComms.cc.o
[ 16%] Building HIP object CMakeFiles/gpu_objs.dir/cuda_kernels_def_decl/cuda_params.cu.o
/home/hpc-i/student10/HemePure_GPU_AMD/src/cuda_kernels_def_decl/hip/deviceAPI_hip.cc:98:2: warning: ignoring return value of type 'hipError_t' declared with 'nodiscard' attribute [-Wunused-value]
   98 |         hipStreamSynchronize((hipStream_t)stream);
      |         ^~~~~~~~~~~~~~~~~~~~~~~~~~~~~~~~~~~~~~~~~
/home/hpc-i/student10/HemePure_GPU_AMD/src/cuda_kernels_def_decl/hip/deviceAPI_hip.cc:103:2: warning: ignoring return value of type 'hipError_t' declared with 'nodiscard' attribute [-Wunused-value]
  103 |         hipStreamDestroy((hipStream_t)stream);
      |         ^~~~~~~~~~~~~~~~~~~~~~~~~~~~~~~~~~~~~
/home/hpc-i/student10/HemePure_GPU_AMD/src/cuda_kernels_def_decl/hip/deviceAPI_hip.cc:133:2: warning: ignoring return value of type 'hipError_t' declared with 'nodiscard' attribute [-Wunused-value]
  133 |         hipGetDeviceProperties( &dev_prop, 0);
      |         ^~~~~~~~~~~~~~~~~~~~~~~~~~~~~~~~~~~~~
/opt/rocm/include/hip/hip_runtime_api.h:103:32: note: expanded from macro 'hipGetDeviceProperties'
  103 | #define hipGetDeviceProperties hipGetDevicePropertiesR0600
      |                                ^
/home/hpc-i/student10/HemePure_GPU_AMD/src/cuda_kernels_def_decl/hip/deviceAPI_hip.cc:142:42: warning: format specifies type 'int' but the argument has type 'char *' [-Wformat]
  142 |                 printf("Device name:  AMDGCN GFX%d\n", dev_prop.gcnArchName); // Changed dev_prop.gcnArch to dev_prop.gcnArchName
      |                                                 ~~     ^~~~~~~~~~~~~~~~~~~~
      |                                                 %s
/home/hpc-i/student10/HemePure_GPU_AMD/src/cuda_kernels_def_decl/hip/deviceAPI_hip.cc:162:2: warning: ignoring return value of type 'hipError_t' declared with 'nodiscard' attribute [-Wunused-value]
  162 |         hipGetDeviceCount(&dev_count);
      |         ^~~~~~~~~~~~~~~~~~~~~~~~~~~~~
In file included from /home/hpc-i/student10/HemePure_GPU_AMD/src/SimulationMaster.cu:6:
In file included from /home/hpc-i/student10/HemePure_GPU_AMD/src/SimulationMaster.h:10:
In file included from /home/hpc-i/student10/HemePure_GPU_AMD/src/extraction/PropertyActor.h:11:
In file included from /home/hpc-i/student10/HemePure_GPU_AMD/src/io/PathManager.h:14:
In file included from /home/hpc-i/student10/HemePure_GPU_AMD/src/configuration/SimConfig.h:19:
/home/hpc-i/student10/HemePure_GPU_AMD/src/io/xml/XmlAbstractionLayer.h:241:41: warning: 'iterator<std::forward_iterator_tag, hemelb::io::xml::Element>' is deprecated [-Wdeprecated-declarations]
  241 |       class ChildIterator : public std::iterator<std::forward_iterator_tag, Element>
      |                                         ^
/usr/lib/gcc/x86_64-linux-gnu/14/../../../../include/c++/14/bits/stl_iterator_base_types.h:127:12: note: 'iterator<std::forward_iterator_tag, hemelb::io::xml::Element>' has been explicitly marked deprecated here
  127 |     struct _GLIBCXX17_DEPRECATED iterator
      |            ^
/usr/lib/gcc/x86_64-linux-gnu/14/../../../../include/x86_64-linux-gnu/c++/14/bits/c++config.h:123:34: note: expanded from macro '_GLIBCXX17_DEPRECATED'
  123 | # define _GLIBCXX17_DEPRECATED [[__deprecated__]]
      |                                  ^
5 warnings generated when compiling for gfx1201.
In file included from /home/hpc-i/student10/HemePure_GPU_AMD/src/SimulationMaster.cu:6:
In file included from /home/hpc-i/student10/HemePure_GPU_AMD/src/SimulationMaster.h:11:
In file included from /home/hpc-i/student10/HemePure_GPU_AMD/src/lb/lb.hpp:10:
In file included from /home/hpc-i/student10/HemePure_GPU_AMD/src/lb/lb.h:18:
In file included from /home/hpc-i/student10/HemePure_GPU_AMD/src/lb/BuildSystemInterface.h:10:
In file included from /home/hpc-i/student10/HemePure_GPU_AMD/src/lb/kernels/Kernels.h:15:
In file included from /home/hpc-i/student10/HemePure_GPU_AMD/src/lb/kernels/LBGKSpongeLayer.h:14:
/home/hpc-i/student10/HemePure_GPU_AMD/src/cuda_kernels_def_decl/cuda_params.h:401:2: warning: '/*' within block comment [-Wcomment]
  401 |         /* Despite its name, this method does not compute the whole pi tensor (i.e. momentum flux tensor). What it does is
      |         ^
/home/hpc-i/student10/HemePure_GPU_AMD/src/cuda_kernels_def_decl/cuda_params.h:466:2: warning: '/*' within block comment [-Wcomment]
  466 |         /* Despite its name, this method does not compute the whole pi tensor (i.e. momentum flux tensor). What it does is
      |         ^
[ 17%] Building HIP object lb/CMakeFiles/hemelb_lb.dir/iolets/BoundaryValues.cc.o
[ 17%] Building CXX object lb/CMakeFiles/hemelb_lb.dir/iolets/InOutLet.cc.o
[ 18%] Building HIP object CMakeFiles/gpu_objs.dir/cuda_kernels_def_decl/GPU_Collide_Stream_Iolets.cu.o
[ 19%] Building HIP object geometry/CMakeFiles/hemelb_geometry.dir/BlockTraverser.cc.o
In file included from /home/hpc-i/student10/HemePure_GPU_AMD/src/cuda_kernels_def_decl/cuda_params.cu:286:
/home/hpc-i/student10/HemePure_GPU_AMD/src/cuda_kernels_def_decl/cuda_params.h:401:2: warning: '/*' within block comment [-Wcomment]
  401 |         /* Despite its name, this method does not compute the whole pi tensor (i.e. momentum flux tensor). What it does is
      |         ^
/home/hpc-i/student10/HemePure_GPU_AMD/src/cuda_kernels_def_decl/cuda_params.h:466:2: warning: '/*' within block comment [-Wcomment]
  466 |         /* Despite its name, this method does not compute the whole pi tensor (i.e. momentum flux tensor). What it does is
      |         ^
/home/hpc-i/student10/HemePure_GPU_AMD/src/cuda_kernels_def_decl/cuda_params.cu:695:82: warning: format specifies type 'int' but the argument has type 'unsigned long' [-Wformat]
  695 |                                                         printf("From GPU - velocityTable[timeStep = %d] = %0.8e, InletID: %d \n", time_Step, max_vel, inlet_ID);
      |                                                                                                     ~~                            ^~~~~~~~~
      |                                                                                                     %lu
/home/hpc-i/student10/HemePure_GPU_AMD/src/cuda_kernels_def_decl/cuda_params.cu:1518:124: warning: format specifies type 'long long' but the argument has type 'int64_t' (aka 'long') [-Wformat]
 1518 |                         printf("Test coords kernel - Fluid Index = %lld, Shifted Index = %lld, Coordinates: (x, y, z) = (%lld, %lld, %lld) \n", Ind, shifted_Fluid_Ind, x_coord, y_coord, z_coord);
      |                                                                    ~~~~                                                                         ^~~
      |                                                                    %ld
/home/hpc-i/student10/HemePure_GPU_AMD/src/cuda_kernels_def_decl/cuda_params.cu:1518:129: warning: format specifies type 'long long' but the argument has type 'int64_t' (aka 'long') [-Wformat]
 1518 |                         printf("Test coords kernel - Fluid Index = %lld, Shifted Index = %lld, Coordinates: (x, y, z) = (%lld, %lld, %lld) \n", Ind, shifted_Fluid_Ind, x_coord, y_coord, z_coord);
      |                                                                                          ~~~~                                                        ^~~~~~~~~~~~~~~~~
      |                                                                                          %ld
/home/hpc-i/student10/HemePure_GPU_AMD/src/cuda_kernels_def_decl/cuda_params.cu:1518:148: warning: format specifies type 'long long' but the argument has type 'int64_t' (aka 'long') [-Wformat]
 1518 |                         printf("Test coords kernel - Fluid Index = %lld, Shifted Index = %lld, Coordinates: (x, y, z) = (%lld, %lld, %lld) \n", Ind, shifted_Fluid_Ind, x_coord, y_coord, z_coord);
      |                                                                                                                          ~~~~                                           ^~~~~~~
      |                                                                                                                          %ld
/home/hpc-i/student10/HemePure_GPU_AMD/src/cuda_kernels_def_decl/cuda_params.cu:1518:157: warning: format specifies type 'long long' but the argument has type 'int64_t' (aka 'long') [-Wformat]
 1518 |                         printf("Test coords kernel - Fluid Index = %lld, Shifted Index = %lld, Coordinates: (x, y, z) = (%lld, %lld, %lld) \n", Ind, shifted_Fluid_Ind, x_coord, y_coord, z_coord);
      |                                                                                                                                ~~~~                                              ^~~~~~~
      |                                                                                                                                %ld
/home/hpc-i/student10/HemePure_GPU_AMD/src/cuda_kernels_def_decl/cuda_params.cu:1518:166: warning: format specifies type 'long long' but the argument has type 'int64_t' (aka 'long') [-Wformat]
 1518 |                         printf("Test coords kernel - Fluid Index = %lld, Shifted Index = %lld, Coordinates: (x, y, z) = (%lld, %lld, %lld) \n", Ind, shifted_Fluid_Ind, x_coord, y_coord, z_coord);
      |                                                                                                                                      ~~~~                                                 ^~~~~~~
      |                                                                                                                                      %ld
/home/hpc-i/student10/HemePure_GPU_AMD/src/cuda_kernels_def_decl/cuda_params.cu:1595:51: warning: format specifies type 'void *' but the argument has type 'int' [-Wformat]
 1595 |         printf("GMem_p_int_weightsTable_coord = %p\n", GMem_p_int_weightsTable_coord[0]);
      |                                                 ~~     ^~~~~~~~~~~~~~~~~~~~~~~~~~~~~~~~
      |                                                 %d
In file included from /home/hpc-i/student10/HemePure_GPU_AMD/src/configuration/SimConfig.cc:13:
In file included from /home/hpc-i/student10/HemePure_GPU_AMD/src/configuration/SimConfig.h:19:
/home/hpc-i/student10/HemePure_GPU_AMD/src/io/xml/XmlAbstractionLayer.h:241:41: warning: 'iterator<std::forward_iterator_tag, hemelb::io::xml::Element>' is deprecated [-Wdeprecated-declarations]
  241 |       class ChildIterator : public std::iterator<std::forward_iterator_tag, Element>
      |                                         ^
/usr/lib/gcc/x86_64-linux-gnu/14/../../../../include/c++/14/bits/stl_iterator_base_types.h:127:12: note: 'iterator<std::forward_iterator_tag, hemelb::io::xml::Element>' has been explicitly marked deprecated here
  127 |     struct _GLIBCXX17_DEPRECATED iterator
      |            ^
/usr/lib/gcc/x86_64-linux-gnu/14/../../../../include/x86_64-linux-gnu/c++/14/bits/c++config.h:123:34: note: expanded from macro '_GLIBCXX17_DEPRECATED'
  123 | # define _GLIBCXX17_DEPRECATED [[__deprecated__]]
      |                                  ^
9 warnings generated when compiling for gfx1201.
In file included from /home/hpc-i/student10/HemePure_GPU_AMD/src/lb/iolets/BoundaryComms.cc:7:
In file included from /home/hpc-i/student10/HemePure_GPU_AMD/src/lb/iolets/BoundaryComms.h:10:
In file included from /home/hpc-i/student10/HemePure_GPU_AMD/src/geometry/LatticeData.h:18:
In file included from /home/hpc-i/student10/HemePure_GPU_AMD/src/configuration/SimConfig.h:19:
/home/hpc-i/student10/HemePure_GPU_AMD/src/io/xml/XmlAbstractionLayer.h:241:41: warning: 'iterator<std::forward_iterator_tag, hemelb::io::xml::Element>' is deprecated [-Wdeprecated-declarations]
  241 |       class ChildIterator : public std::iterator<std::forward_iterator_tag, Element>
      |                                         ^
/usr/lib/gcc/x86_64-linux-gnu/14/../../../../include/c++/14/bits/stl_iterator_base_types.h:127:12: note: 'iterator<std::forward_iterator_tag, hemelb::io::xml::Element>' has been explicitly marked deprecated here
  127 |     struct _GLIBCXX17_DEPRECATED iterator
      |            ^
/usr/lib/gcc/x86_64-linux-gnu/14/../../../../include/x86_64-linux-gnu/c++/14/bits/c++config.h:123:34: note: expanded from macro '_GLIBCXX17_DEPRECATED'
  123 | # define _GLIBCXX17_DEPRECATED [[__deprecated__]]
      |                                  ^
[ 20%] Linking CXX static library libhemelb_log.a
/home/hpc-i/student10/HemePure_GPU_AMD/src/cuda_kernels_def_decl/hip/deviceAPI_hip.cc:98:2: warning: ignoring return value of type 'hipError_t' declared with 'nodiscard' attribute [-Wunused-value]
   98 |         hipStreamSynchronize((hipStream_t)stream);
      |         ^~~~~~~~~~~~~~~~~~~~~~~~~~~~~~~~~~~~~~~~~
/home/hpc-i/student10/HemePure_GPU_AMD/src/cuda_kernels_def_decl/hip/deviceAPI_hip.cc:103:2: warning: ignoring return value of type 'hipError_t' declared with 'nodiscard' attribute [-Wunused-value]
  103 |         hipStreamDestroy((hipStream_t)stream);
      |         ^~~~~~~~~~~~~~~~~~~~~~~~~~~~~~~~~~~~~
/home/hpc-i/student10/HemePure_GPU_AMD/src/cuda_kernels_def_decl/hip/deviceAPI_hip.cc:133:2: warning: ignoring return value of type 'hipError_t' declared with 'nodiscard' attribute [-Wunused-value]
  133 |         hipGetDeviceProperties( &dev_prop, 0);
      |         ^~~~~~~~~~~~~~~~~~~~~~~~~~~~~~~~~~~~~
/opt/rocm/include/hip/hip_runtime_api.h:103:32: note: expanded from macro 'hipGetDeviceProperties'
  103 | #define hipGetDeviceProperties hipGetDevicePropertiesR0600
      |                                ^
/home/hpc-i/student10/HemePure_GPU_AMD/src/cuda_kernels_def_decl/hip/deviceAPI_hip.cc:142:42: warning: format specifies type 'int' but the argument has type 'char *' [-Wformat]
  142 |                 printf("Device name:  AMDGCN GFX%d\n", dev_prop.gcnArchName); // Changed dev_prop.gcnArch to dev_prop.gcnArchName
      |                                                 ~~     ^~~~~~~~~~~~~~~~~~~~
      |                                                 %s
/home/hpc-i/student10/HemePure_GPU_AMD/src/cuda_kernels_def_decl/hip/deviceAPI_hip.cc:162:2: warning: ignoring return value of type 'hipError_t' declared with 'nodiscard' attribute [-Wunused-value]
  162 |         hipGetDeviceCount(&dev_count);
      |         ^~~~~~~~~~~~~~~~~~~~~~~~~~~~~
[ 20%] Built target hemelb_log
[ 21%] Building HIP object geometry/CMakeFiles/hemelb_geometry.dir/BlockTraverserWithVisitedBlockTracker.cc.o
[ 21%] Building HIP object CMakeFiles/gpu_objs.dir/cuda_kernels_def_decl/GPU_Collide_Stream_wall_sBB_Iolets.cu.o
[ 22%] Building CXX object lb/CMakeFiles/hemelb_lb.dir/iolets/InOutLetCosine.cc.o
5 warnings generated when compiling for host.
1 warning generated when compiling for gfx1201.
/home/hpc-i/student10/HemePure_GPU_AMD/src/net/MpiEnvironment.cc:32:9: warning: '~MpiEnvironment' has a non-throwing exception specification but can still throw [-Wexceptions]
   32 |         HEMELB_MPI_CALL(MPI_Finalize, ());
      |         ^
/home/hpc-i/student10/HemePure_GPU_AMD/src/net/MpiError.h:42:5: note: expanded from macro 'HEMELB_MPI_CALL'
   42 |     throw ::hemelb::net::MpiError(#mpiFunc, _check_result, __FILE__, __LINE__); \
      |     ^
/home/hpc-i/student10/HemePure_GPU_AMD/src/net/MpiEnvironment.cc:28:21: note: destructor has a implicit non-throwing exception specification
   28 |     MpiEnvironment::~MpiEnvironment()
      |                     ^
[ 23%] Building CXX object extraction/CMakeFiles/hemelb_extraction.dir/StraightLineGeometrySelector.cc.o
1 warning generated when compiling for gfx1201.
[ 23%] Building CXX object extraction/CMakeFiles/hemelb_extraction.dir/LocalPropertyOutput.cc.o
1 warning generated when compiling for gfx906.
In file included from /home/hpc-i/student10/HemePure_GPU_AMD/src/cuda_kernels_def_decl/cuda_params.cu:286:
/home/hpc-i/student10/HemePure_GPU_AMD/src/cuda_kernels_def_decl/cuda_params.h:401:2: warning: '/*' within block comment [-Wcomment]
  401 |         /* Despite its name, this method does not compute the whole pi tensor (i.e. momentum flux tensor). What it does is
      |         ^
/home/hpc-i/student10/HemePure_GPU_AMD/src/cuda_kernels_def_decl/cuda_params.h:466:2: warning: '/*' within block comment [-Wcomment]
  466 |         /* Despite its name, this method does not compute the whole pi tensor (i.e. momentum flux tensor). What it does is
      |         ^
/home/hpc-i/student10/HemePure_GPU_AMD/src/cuda_kernels_def_decl/cuda_params.cu:695:82: warning: format specifies type 'int' but the argument has type 'unsigned long' [-Wformat]
  695 |                                                         printf("From GPU - velocityTable[timeStep = %d] = %0.8e, InletID: %d \n", time_Step, max_vel, inlet_ID);
      |                                                                                                     ~~                            ^~~~~~~~~
      |                                                                                                     %lu
In file included from /home/hpc-i/student10/HemePure_GPU_AMD/src/lb/iolets/BoundaryValues.cc:7:
In file included from /home/hpc-i/student10/HemePure_GPU_AMD/src/lb/iolets/BoundaryValues.h:13:
In file included from /home/hpc-i/student10/HemePure_GPU_AMD/src/geometry/LatticeData.h:18:
In file included from /home/hpc-i/student10/HemePure_GPU_AMD/src/configuration/SimConfig.h:19:
/home/hpc-i/student10/HemePure_GPU_AMD/src/io/xml/XmlAbstractionLayer.h:241:41: warning: 'iterator<std::forward_iterator_tag, hemelb::io::xml::Element>' is deprecated [-Wdeprecated-declarations]
  241 |       class ChildIterator : public std::iterator<std::forward_iterator_tag, Element>
      |                                         ^
/usr/lib/gcc/x86_64-linux-gnu/14/../../../../include/c++/14/bits/stl_iterator_base_types.h:127:12: note: 'iterator<std::forward_iterator_tag, hemelb::io::xml::Element>' has been explicitly marked deprecated here
  127 |     struct _GLIBCXX17_D/home/hpc-i/student10/HemePure_GPU_AMD/src/cuda_kernels_def_decl/cuda_params.cuE:P1518R:E124C:A Twarning: Eformat specifies type 'long long' but the argument has type 'int64_t' (aka 'long') [-Wformat]D
 ite r1518a | t        o        r        
p      r| i           ^n
tf("/usr/lib/gcc/x86_64-linux-gnu/14/../../../../include/x86_64-linux-gnu/c++/14/bits/c++config.hT:e123s:t34 :c onote: oexpanded from macro '_GLIBCXX17_DEPRECATED'r
ds   k123e | r#n edle f-i nFel u_iGdL IIBnCdXeXx1 7=_ D%ElPlRdE,C ASThEiDf t[e[d_ _Idnedperxe c=a t%eldl_d_,] ]C
o      o| r                                 ^d
inates: (x, y, z) = (%lld, %lld, %lld) \n", Ind, shifted_Fluid_Ind, x_coord, y_coord, z_coord);
      |                                                                    ~~~~                                                                         ^~~
      |                                                                    %ld
/home/hpc-i/student10/HemePure_GPU_AMD/src/cuda_kernels_def_decl/cuda_params.cu:1518:129: warning: format specifies type 'long long' but the argument has type 'int64_t' (aka 'long') [-Wformat]
 1518 |                         printf("Test coords kernel - Fluid Index = %lld, Shifted Index = %lld, Coordinates: (x, y, z) = (%lld, %lld, %lld) \n", Ind, shifted_Fluid_Ind, x_coord, y_coord, z_coord);
      |                                                                                          ~~~~                                                        ^~~~~~~~~~~~~~~~~
      |                                                                                          %ld
/home/hpc-i/student10/HemePure_GPU_AMD/src/cuda_kernels_def_decl/cuda_params.cu:1518:148: warning: format specifies type 'long long' but the argument has type 'int64_t' (aka 'long') [-Wformat]
 1518 |                         printf("Test coords kernel - Fluid Index = %lld, Shifted Index = %lld, Coordinates: (x, y, z) = (%lld, %lld, %lld) \n", Ind, shifted_Fluid_Ind, x_coord, y_coord, z_coord);
      |                                                                                                                          ~~~~                                           ^~~~~~~
      |                                                                                                                          %ld
/home/hpc-i/student10/HemePure_GPU_AMD/src/cuda_kernels_def_decl/cuda_params.cu:1518:157: warning: format specifies type 'long long' but the argument has type 'int64_t' (aka 'long') [-Wformat]
 1518 |                         printf("Test coords kernel - Fluid Index = %lld, Shifted Index = %lld, Coordinates: (x, y, z) = (%lld, %lld, %lld) \n", Ind, shifted_Fluid_Ind, x_coord, y_coord, z_coord);
      |                                                                                                                                ~~~~                                              ^~~~~~~
      |                                                                                                                                %ld
/home/hpc-i/student10/HemePure_GPU_AMD/src/cuda_kernels_def_decl/cuda_params.cu:1518:166: warning: format specifies type 'long long' but the argument has type 'int64_t' (aka 'long') [-Wformat]
 1518 |                         printf("Test coords kernel - Fluid Index = %lld, Shifted Index = %lld, Coordinates: (x, y, z) = (%lld, %lld, %lld) \n", Ind, shifted_Fluid_Ind, x_coord, y_coord, z_coord);
      |                                                                                                                                      ~~~~                                                 ^~~~~~~
      |                                                                                                                                      %ld
/home/hpc-i/student10/HemePure_GPU_AMD/src/cuda_kernels_def_decl/cuda_params.cu:1595:51: warning: format specifies type 'void *' but the argument has type 'int' [-Wformat]
 1595 |         printf("GMem_p_int_weightsTable_coord = %p\n", GMem_p_int_weightsTable_coord[0]);
      |                                                 ~~     ^~~~~~~~~~~~~~~~~~~~~~~~~~~~~~~~
      |                                                 %d
9 warnings generated when compiling for host.
[ 24%] Building CXX object extraction/CMakeFiles/hemelb_extraction.dir/IterableDataSource.cc.o
[ 24%] Linking CXX static library libhemelb_util.a
In file included from /home/hpc-i/student10/HemePure_GPU_AMD/src/cuda_kernels_def_decl/GPU_Collide_Stream_Iolets.cu:16:
/home/hpc-i/student10/HemePure_GPU_AMD/src/cuda_kernels_def_decl/cuda_params.h:401:2: warning: '/*' within block comment [-Wcomment]
  401 |         /* Despite its name, this method does not compute the whole pi tensor (i.e. momentum flux tensor). What it does is
      |         ^
/home/hpc-i/student10/HemePure_GPU_AMD/src/cuda_kernels_def_decl/cuda_params.h:466:2: warning: '/*' within block comment [-Wcomment]
  466 |         /* Despite its name, this method does not compute the whole pi tensor (i.e. momentum flux tensor). What it does is
      |         ^
[ 24%] Built target hemelb_util
/home/hpc-i/student10/HemePure_GPU_AMD/src/cuda_kernels_def_decl/GPU_Collide_Stream_Iolets.cu:1931:197: warning: format specifies type 'long long' but the argument has type 'uint64_t' (aka 'unsigned long') [-Wformat]
 1931 |                                         if (dev_NeighInd[LB_Dir] >= (nArr_dbl*_NUMVECTORS+1+totalSharedFs)) printf("Error!!! Fluid Index = %lld, Stream.Dir.= %d, Max. Streaming addr = %lld Vs Stream. Addr.=%lld \n\n", Ind, LB_Dir, nArr_dbl*_NUMVECTORS+1+totalSharedFs, dev_NeighInd[LB_Dir] );
      |                                                                                                                                                                                         ~~~~                                           ^~~~~~~~~~~~~~~~~~~~~~~~~~~~~~~~~~~~
      |                                                                                                                                                                                         %lu
/home/hpc-i/student10/HemePure_GPU_AMD/src/cuda_kernels_def_decl/GPU_Collide_Stream_Iolets.cu:1931:235: warning: format specifies type 'long long' but the argument has type 'int64_t' (aka 'long') [-Wformat]
 1931 |                                         if (dev_NeighInd[LB_Dir] >= (nArr_dbl*_NUMVECTORS+1+totalSharedFs)) printf("Error!!! Fluid Index = %lld, Stream.Dir.= %d, Max. Streaming addr = %lld Vs Stream. Addr.=%lld \n\n", Ind, LB_Dir, nArr_dbl*_NUMVECTORS+1+totalSharedFs, dev_NeighInd[LB_Dir] );
      |                                                                                                                                                                                                               ~~~~                                                           ^~~~~~~~~~~~~~~~~~~~
      |                                                                                                                                                                                                               %ld
[ 25%] Building CXX object io/CMakeFiles/hemelb_io.dir/PathManager.cc.o
4 warnings generated when compiling for gfx1201.
1 warning generated when compiling for gfx1201.
In file included from /home/hpc-i/student10/HemePure_GPU_AMD/src/cuda_kernels_def_decl/GPU_Collide_Stream_wall_sBB_Iolets.cu:19:
/home/hpc-i/student10/HemePure_GPU_AMD/src/cuda_kernels_def_decl/cuda_params.h:401:2: warning: '/*' within block comment [-Wcomment]
  401 |         /* Despite its name, this method does not compute the whole pi tensor (i.e. momentum flux tensor). What it does is
      |         ^
/home/hpc-i/student10/HemePure_GPU_AMD/src/cuda_kernels_def_decl/cuda_params.h:466:2: warning: '/*' within block comment [-Wcomment]
  466 |         /* Despite its name, this method does not compute the whole pi tensor (i.e. momentum flux tensor). What it does is
      |         ^
/home/hpc-i/student10/HemePure_GPU_AMD/src/cuda_kernels_def_decl/GPU_Collide_Stream_wall_sBB_Iolets.cu:259:197: warning: format specifies type 'long long' but the argument has type 'uint64_t' (aka 'unsigned long') [-Wformat]
  259 |                                         if (dev_NeighInd[LB_Dir] >= (nArr_dbl*_NUMVECTORS+1+totalSharedFs)) printf("Error!!! Fluid Index = %lld, Stream.Dir.= %d, Max. Streaming addr = %lld Vs Stream. Addr.=%lld \n\n", Ind, LB_Dir, nArr_dbl*_NUMVECTORS+1+totalSharedFs, dev_NeighInd[LB_Dir] );
      |                                                                                                                                                                                         ~~~~                                           ^~~~~~~~~~~~~~~~~~~~~~~~~~~~~~~~~~~~
      |                                                                                                                                                                                         %lu
/home/hpc-i/student10/HemePure_GPU_AMD/src/cuda_kernels_def_decl/GPU_Collide_Stream_wall_sBB_Iolets.cu:259:235: warning: format specifies type 'long long' but the argument has type 'int64_t' (aka 'long') [-Wformat]
  259 |                                         if (dev_NeighInd[LB_Dir] >= (nArr_dbl*_NUMVECTORS+1+totalSharedFs)) printf("Error!!! Fluid Index = %lld, Stream.Dir.= %d, Max. Streaming addr = %lld Vs Stream. Addr.=%lld \n\n", Ind, LB_Dir, nArr_dbl*_NUMVECTORS+1+totalSharedFs, dev_NeighInd[LB_Dir] );
      |                                                                                                                                                                                                               ~~~~                                                           ^~~~~~~~~~~~~~~~~~~~
      |                                                                                                                                                                                                               %ld
4 warnings generated when compiling for gfx1201.
/home/hpc-i/student10/HemePure_GPU_AMD/src/net/MpiEnvironment.cc:32:9: warning: '~MpiEnvironment' has a non-throwing exception specification but can still throw [-Wexceptions]
   32 |         HEMELB_MPI_CALL(MPI_Finalize, ());
      |         ^
/home/hpc-i/student10/HemePure_GPU_AMD/src/net/MpiError.h:42:5: note: expanded from macro 'HEMELB_MPI_CALL'
   42 |     throw ::hemelb::net::MpiError(#mpiFunc, _check_result, __FILE__, __LINE__); \
      |     ^
/home/hpc-i/student10/HemePure_GPU_AMD/src/net/MpiEnvironment.cc:28:21: note: destructor has a implicit non-throwing exception specification
   28 |     MpiEnvironment::~MpiEnvironment()
      |                     ^
1 warning generated when compiling for host.
[ 26%] Building CXX object net/CMakeFiles/hemelb_net.dir/MpiError.cc.o
In file included from /home/hpc-i/student10/HemePure_GPU_AMD/src/SimulationMaster.cu:6:
In file included from /home/hpc-i/student10/HemePure_GPU_AMD/src/SimulationMaster.h:11:
/home/hpc-i/student10/HemePure_GPU_AMD/src/lb/lb.hpp:7121:121: warning: format specifies type 'int' but the argument has type 'LatticeTimeStep' (aka 'unsigned long') [-Wformat]
 7121 |                                                         fprintf(stderr,"deviceHostAlloc (pinned mem) for h_ghostDensity_inlet failed... Rank = %d, Time = %d \n", myPiD, mState->GetTimeStep());
      |                                                                                                                                                           ~~             ^~~~~~~~~~~~~~~~~~~~~
      |                                                                                                                                                           %lu
/home/hpc-i/student10/HemePure_GPU_AMD/src/lb/lb.hpp:9147:22: note: in instantiation of member function 'hemelb::lb::LBM<hemelb::lb::lattices::D3Q19>::PreSend' requested here
 9147 |                         LBM<LatticeType>::~LBM()
      |                                           ^
/home/hpc-i/student10/HemePure_GPU_AMD/src/SimulationMaster.cu:94:2: note: in instantiation of member function 'hemelb::lb::LBM<hemelb::lb::lattices::D3Q19>::~LBM' requested here
   94 |         delete latticeBoltzmannModel;
      |         ^
In file included from /home/hpc-i/student10/HemePure_GPU_AMD/src/SimulationMaster.cu:6:
In file included from /home/hpc-i/student10/HemePure_GPU_AMD/src/SimulationMaster.h:11:
/home/hpc-i/student10/HemePure_GPU_AMD/src/lb/lb.hpp:7195:121: warning: format specifies type 'int' but the argument has type 'LatticeTimeStep' (aka 'unsigned long') [-Wformat]
 7195 |                                                         fprintf(stderr,"deviceHostAlloc (pinned mem) for h_ghostDensity_inlet outlet... Rank = %d, Time = %d \n", myPiD, mState->GetTimeStep());
      |                                                                                                                                                           ~~             ^~~~~~~~~~~~~~~~~~~~~
      |                                                                                                                                                           %lu
In file included from /home/hpc-i/student10/HemePure_GPU_AMD/src/lb/iolets/BoundaryComms.cc:7:
In file included from /home/hpc-i/student10/HemePure_GPU_AMD/src/lb/iolets/BoundaryComms.h:10:
In file included from /home/hpc-i/student10/HemePure_GPU_AMD/src/geometry/LatticeData.h:18:
In file included from /home/hpc-i/student10/HemePure_GPU_AMD/src/configuration/SimConfig.h:19:
/home/hpc-i/student10/HemePure_GPU_AMD/src/io/xml/XmlAbstractionLayer.h:241:41: warning: 'iterator<std::forward_iterator_tag, hemelb::io::xml::Element>' is deprecated [-Wdeprecated-declarations]
  241 |       class ChildIterator : public std::iterator<std::forward_iterator_tag, Element>
      |                                         ^
/usr/lib/gcc/x86_64-linux-gnu/14/../../../../include/c++/14/bits/stl_iterator_base_types.h:127:12: note: 'iterator<std::forward_iterator_tag, hemelb::io::xml::Element>' has been explicitly marked deprecated here
  127 |     struct _GLIBCXX17_DEPRECATED iterator
      |            ^
/usr/lib/gcc/x86_64-linux-gnu/14/../../../../include/x86_64-linux-gnu/c++/14/bits/c++config.h:123:34: note: expanded from macro '_GLIBCXX17_DEPRECATED'
  123 | # define _GLIBCXX17_DEPRECATED [[__deprecated__]]
      |                                  ^
In file included from /home/hpc-i/student10/HemePure_GPU_AMD/src/SimulationMaster.cu:6:
In file included from /home/hpc-i/student10/HemePure_GPU_AMD/src/SimulationMaster.h:9:
In file included from /home/hpc-i/student10/HemePure_GPU_AMD/src/lb/lattices/Lattices.h:9:
In file included from /home/hpc-i/student10/HemePure_GPU_AMD/src/lb/lattices/D3Q15.h:10:
/home/hpc-i/student10/HemePure_GPU_AMD/src/lb/lattices/Lattice.h:819:12: warning: instantiation of variable 'hemelb::lb::lattices::Lattice<hemelb::lb::lattices::D3Q19>::singletonInfo' required here, but no definition is available [-Wundefined-var-template]
  819 |                                                         if (singletonInfo == nullptr)
      |                                                             ^
/home/hpc-i/student10/HemePure_GPU_AMD/src/SimulationMaster.cu:155:65: note: in instantiation of member function 'hemelb::lb::lattices::Lattice<hemelb::lb::lattices::D3Q19>::GetLatticeInfo' requested here
  155 |       hemelb::geometry::GeometrySGMYReader reader( latticeType::GetLatticeInfo(), timings, ioComms);
      |                                                                 ^
/home/hpc-i/student10/HemePure_GPU_AMD/src/lb/lattices/Lattice.h:904:27: note: forward declaration of template entity is here
  904 |                                                 static LatticeInfo* singletonInfo;
      |                                                                     ^
/home/hpc-i/student10/HemePure_GPU_AMD/src/lb/lattices/Lattice.h:819:12: note: add an explicit instantiation declaration to suppress this warning if 'hemelb::lb::lattices::Lattice<hemelb::lb::lattices::D3Q19>::singletonInfo' is explicitly instantiated in another translation unit
  819 |                                                         if (singletonInfo == nullptr)
      |                                                             ^
In file included from /home/hpc-i/student10/HemePure_GPU_AMD/src/geometry/BlockTraverser.cc:8:
In file included from /home/hpc-i/student10/HemePure_GPU_AMD/src/geometry/LatticeData.h:18:
In file included from /home/hpc-i/student10/HemePure_GPU_AMD/src/configuration/SimConfig.h:19:
/home/hpc-i/student10/HemePure_GPU_AMD/src/io/xml/XmlAbstractionLayer.h:241:41: warning: 'iterator<std::forward_iterator_tag, hemelb::io::xml::Element>' is deprecated [-Wdeprecated-declarations]
  241 |       class ChildIterator : public std::iterator<std::forward_iterator_tag, Element>
      |                                         ^
/usr/lib/gcc/x86_64-linux-gnu/14/../../../../include/c++/14/bits/stl_iterator_base_types.h:127:12: note: 'iterator<std::forward_iterator_tag, hemelb::io::xml::Element>' has been explicitly marked deprecated here
  127 |     struct _GLIBCXX17_DEPRECATED iterator
      |            ^
/usr/lib/gcc/x86_64-linux-gnu/14/../../../../include/x86_64-linux-gnu/c++/14/bits/c++config.h:123:34: note: expanded from macro '_GLIBCXX17_DEPRECATED'
  123 | # define _GLIBCXX17_DEPRECATED [[__deprecated__]]
      |                                  ^
6 warnings generated when compiling for gfx1201.
In file included from /home/hpc-i/student10/HemePure_GPU_AMD/src/geometry/BlockTraverserWithVisitedBlockTracker.cc:8:
In file included from /home/hpc-i/student10/HemePure_GPU_AMD/src/geometry/LatticeData.h:18:
In file included from /home/hpc-i/student10/HemePure_GPU_AMD/src/configuration/SimConfig.h:19:
/home/hpc-i/student10/HemePure_GPU_AMD/src/io/xml/XmlAbstractionLayer.h:241:41: warning: 'iterator<std::forward_iterator_tag, hemelb::io::xml::Element>' is deprecated [-Wdeprecated-declarations]
  241 |       class ChildIterator : public std::iterator<std::forward_iterator_tag, Element>
      |                                         ^
/usr/lib/gcc/x86_64-linux-gnu/14/../../../../include/c++/14/bits/stl_iterator_base_types.h:127:12: note: 'iterator<std::forward_iterator_tag, hemelb::io::xml::Element>' has been explicitly marked deprecated here
  127 |     struct _GLIBCXX17_DEPRECATED iterator
      |            ^
/usr/lib/gcc/x86_64-linux-gnu/14/../../../../include/x86_64-linux-gnu/c++/14/bits/c++config.h:123:34: note: expanded from macro '_GLIBCXX17_DEPRECATED'
  123 | # define _GLIBCXX17_DEPRECATED [[__deprecated__]]
      |                                  ^
[ 26%] Linking CXX static library libhemelb_reporting.a
1 warning generated when compiling for host.
[ 27%] Building CXX object net/CMakeFiles/hemelb_net.dir/MpiCommunicator.cc.o
[ 27%] Built target hemelb_reporting
[ 27%] Building CXX object net/CMakeFiles/hemelb_net.dir/MpiGroup.cc.o
1 warning generated when compiling for gfx1201.
1 warning generated when compiling for gfx1201.
[ 28%] Building CXX object extraction/CMakeFiles/hemelb_extraction.dir/PlaneGeometrySelector.cc.o
In file included from /home/hpc-i/student10/HemePure_GPU_AMD/src/configuration/SimConfig.cc:13:
In file included from /home/hpc-i/student10/HemePure_GPU_AMD/src/configuration/SimConfig.h:19:
/home/hpc-i/student10/HemePure_GPU_AMD/src/io/xml/XmlAbstractionLayer.h:241:41: warning: 'iterator<std::forward_iterator_tag, hemelb::io::xml::Element>' is deprecated [-Wdeprecated-declarations]
  241 |       class ChildIterator : public std::iterator<std::forward_iterator_tag, Element>
      |                                         ^
/usr/lib/gcc/x86_64-linux-gnu/14/../../../../include/c++/14/bits/stl_iterator_base_types.h:127:12: note: 'iterator<std::forward_iterator_tag, hemelb::io::xml::Element>' has been explicitly marked deprecated here
  127 |     struct _GLIBCXX17_DEPRECATED iterator
      |            ^
/usr/lib/gcc/x86_64-linux-gnu/14/../../../../include/x86_64-linux-gnu/c++/14/bits/c++config.h:123:34: note: expanded from macro '_GLIBCXX17_DEPRECATED'
  123 | # define _GLIBCXX17_DEPRECATED [[__deprecated__]]
      |                                  ^
[ 28%] Building CXX object io/CMakeFiles/hemelb_io.dir/writers/xdr/XdrVectorWriter.cc.o
In file included from /home/hpc-i/student10/HemePure_GPU_AMD/src/lb/iolets/BoundaryValues.cc:7:
In file included from /home/hpc-i/student10/HemePure_GPU_AMD/src/lb/iolets/BoundaryValues.h:13:
In file included from /home/hpc-i/student10/HemePure_GPU_AMD/src/geometry/LatticeData.h:18:
In file included from /home/hpc-i/student10/HemePure_GPU_AMD/src/configuration/SimConfig.h:19:
/home/hpc-i/student10/HemePure_GPU_AMD/src/io/xml/XmlAbstractionLayer.h:241:41: warning: 'iterator<std::forward_iterator_tag, hemelb::io::xml::Element>' is deprecated [-Wdeprecated-declarations]
  241 |       class ChildIterator : public std::iterator<std::forward_iterator_tag, Element>
      |                                         ^
/usr/lib/gcc/x86_64-linux-gnu/14/../../../../include/c++/14/bits/stl_iterator_base_types.h:127:12: note: 'iterator<std::forward_iterator_tag, hemelb::io::xml::Element>' has been explicitly marked deprecated here
  127 |     struct _GLIBCXX17_DEPRECATED iterator
      |            ^
/usr/lib/gcc/x86_64-linux-gnu/14/../../../../include/x86_64-linux-gnu/c++/14/bits/c++config.h:123:34: note: expanded from macro '_GLIBCXX17_DEPRECATED'
  123 | # define _GLIBCXX17_DEPRECATED [[__deprecated__]]
      |                                  ^
In file included from /home/hpc-i/student10/HemePure_GPU_AMD/src/cuda_kernels_def_decl/GPU_Collide_Stream_Iolets.cu:16:
/home/hpc-i/student10/HemePure_GPU_AMD/src/cuda_kernels_def_decl/cuda_params.h:401:2: warning: '/*' within block comment [-Wcomment]
  401 |         /* Despite its name, this method does not compute the whole pi tensor (i.e. momentum flux tensor). What it does is
      |         ^
/home/hpc-i/student10/HemePure_GPU_AMD/src/cuda_kernels_def_decl/cuda_params.h:466:2: warning: '/*' within block comment [-Wcomment]
  466 |         /* Despite its name, this method does not compute the whole pi tensor (i.e. momentum flux tensor). What it does is
      |         ^
/home/hpc-i/student10/HemePure_GPU_AMD/src/cuda_kernels_def_decl/GPU_Collide_Stream_Iolets.cu:1931:197: warning: format specifies type 'long long' but the argument has type 'uint64_t' (aka 'unsigned long') [-Wformat]
 1931 |                                         if (dev_NeighInd[LB_Dir] >= (nArr_dbl*_NUMVECTORS+1+totalSharedFs)) printf("Error!!! Fluid Index = %lld, Stream.Dir.= %d, Max. Streaming addr = %lld Vs Stream. Addr.=%lld \n\n", Ind, LB_Dir, nArr_dbl*_NUMVECTORS+1+totalSharedFs, dev_NeighInd[LB_Dir] );
      |                                                                                                                                                                                         ~~~~                                           ^~~~~~~~~~~~~~~~~~~~~~~~~~~~~~~~~~~~
      |                                                                                                                                                                                         %lu
/home/hpc-i/student10/HemePure_GPU_AMD/src/cuda_kernels_def_decl/GPU_Collide_Stream_Iolets.cu:1931:235: warning: format specifies type 'long long' but the argument has type 'int64_t' (aka 'long') [-Wformat]
 1931 |                                         if (dev_NeighInd[LB_Dir] >= (nArr_dbl*_NUMVECTORS+1+totalSharedFs)) printf("Error!!! Fluid Index = %lld, Stream.Dir.= %d, Max. Streaming addr = %lld Vs Stream. Addr.=%lld \n\n", Ind, LB_Dir, nArr_dbl*_NUMVECTORS+1+totalSharedFs, dev_NeighInd[LB_Dir] );
      |                                                                                                                                                                                                               ~~~~                                                           ^~~~~~~~~~~~~~~~~~~~
      |                                                                                                                                                                                                               %ld
In file included from /home/hpc-i/student10/HemePure_GPU_AMD/src/cuda_kernels_def_decl/GPU_Collide_Stream_wall_sBB_Iolets.cu:19:
/home/hpc-i/student10/HemePure_GPU_AMD/src/cuda_kernels_def_decl/cuda_params.h:401:2: warning: '/*' within block comment [-Wcomment]
  401 |         /* Despite its name, this method does not compute the whole pi tensor (i.e. momentum flux tensor). What it does is
      |         ^
/home/hpc-i/student10/HemePure_GPU_AMD/src/cuda_kernels_def_decl/cuda_params.h:466:2: warning: '/*' within block comment [-Wcomment]
  466 |         /* Despite its name, this method does not compute the whole pi tensor (i.e. momentum flux tensor). What it does is
      |         ^
4 warnings generated when compiling for host.
/home/hpc-i/student10/HemePure_GPU_AMD/src/cuda_kernels_def_decl/GPU_Collide_Stream_wall_sBB_Iolets.cu:259:197: warning: format specifies type 'long long' but the argument has type 'uint64_t' (aka 'unsigned long') [-Wformat]
  259 |                                         if (dev_NeighInd[LB_Dir] >= (nArr_dbl*_NUMVECTORS+1+totalSharedFs)) printf("Error!!! Fluid Index = %lld, Stream.Dir.= %d, Max. Streaming addr = %lld Vs Stream. Addr.=%lld \n\n", Ind, LB_Dir, nArr_dbl*_NUMVECTORS+1+totalSharedFs, dev_NeighInd[LB_Dir] );
      |                                                                                                                                                                                         ~~~~                                           ^~~~~~~~~~~~~~~~~~~~~~~~~~~~~~~~~~~~
      |                                                                                                                                                                                         %lu
/home/hpc-i/student10/HemePure_GPU_AMD/src/cuda_kernels_def_decl/GPU_Collide_Stream_wall_sBB_Iolets.cu:259:235: warning: format specifies type 'long long' but the argument has type 'int64_t' (aka 'long') [-Wformat]
  259 |                                         if (dev_NeighInd[LB_Dir] >= (nArr_dbl*_NUMVECTORS+1+totalSharedFs)) printf("Error!!! Fluid Index = %lld, Stream.Dir.= %d, Max. Streaming addr = %lld Vs Stream. Addr.=%lld \n\n", Ind, LB_Dir, nArr_dbl*_NUMVECTORS+1+totalSharedFs, dev_NeighInd[LB_Dir] );
      |                                                                                                                                                                                                               ~~~~                                                           ^~~~~~~~~~~~~~~~~~~~
      |                                                                                                                                                                                                               %ld
[ 29%] Building CXX object io/CMakeFiles/hemelb_io.dir/writers/ascii/AsciiFileWriter.cc.o
4 warnings generated when compiling for host.
[ 30%] Building CXX object lb/CMakeFiles/hemelb_lb.dir/iolets/InOutLetFile.cc.o
1 warning generated when compiling for host.
[ 31%] Building HIP object geometry/CMakeFiles/hemelb_geometry.dir/GeometryReader.cc.o
[ 32%] Building CXX object net/CMakeFiles/hemelb_net.dir/MpiFile.cc.o
1 warning generated when compiling for host.
[ 33%] Building CXX object lb/CMakeFiles/hemelb_lb.dir/iolets/InOutLetVelocity.cc.o
[ 34%] Linking HIP static library libhemelb_configuration.a
[ 34%] Built target hemelb_configuration
In file included from /home/hpc-i/student10/HemePure_GPU_AMD/src/SimulationMaster.cu:6:
In file included from /home/hpc-i/student10/HemePure_GPU_AMD/src/SimulationMaster.h:10:
In file included from /home/hpc-i/student10/HemePure_GPU_AMD/src/extraction/PropertyActor.h:11:
In file included from /home/hpc-i/student10/HemePure_GPU_AMD/src/io/PathManager.h:14:
In file included from /home/hpc-i/student10/HemePure_GPU_AMD/src/configuration/SimConfig.h:19:
/home/hpc-i/student10/HemePure_GPU_AMD/src/io/xml/XmlAbstractionLayer.h:241:41: warning: 'iterator<std::forward_iterator_tag, hemelb::io::xml::Element>' is deprecated [-Wdeprecated-declarations]
  241 |       class ChildIterator : public std::iterator<std::forward_iterator_tag, Element>
      |                                         ^
/usr/lib/gcc/x86_64-linux-gnu/14/../../../../include/c++/14/bits/stl_iterator_base_types.h:127:12: note: 'iterator<std::forward_iterator_tag, hemelb::io::xml::Element>' has been explicitly marked deprecated here
  127 |     struct _GLIBCXX17_DEPRECATED iterator
      |            ^
/usr/lib/gcc/x86_64-linux-gnu/14/../../../../include/x86_64-linux-gnu/c++/14/bits/c++config.h:123:34: note: expanded from macro '_GLIBCXX17_DEPRECATED'
  123 | # define _GLIBCXX17_DEPRECATED [[__deprecated__]]
      |                                  ^
[ 35%] Building HIP object extraction/CMakeFiles/hemelb_extraction.dir/PropertyActor.cc.o
In file included from /home/hpc-i/student10/HemePure_GPU_AMD/src/geometry/BlockTraverserWithVisitedBlockTracker.cc:8:
In file included from /home/hpc-i/student10/HemePure_GPU_AMD/src/geometry/LatticeData.h:18:
In file included from /home/hpc-i/student10/HemePure_GPU_AMD/src/configuration/SimConfig.h:19:
/home/hpc-i/student10/HemePure_GPU_AMD/src/io/xml/XmlAbstractionLayer.h:241:41: warning: 'iterator<std::forward_iterator_tag, hemelb::io::xml::Element>' is deprecated [-Wdeprecated-declarations]
  241 |       class ChildIterator : public std::iterator<std::forward_iterator_tag, Element>
      |                                         ^
/usr/lib/gcc/x86_64-linux-gnu/14/../../../../include/c++/14/bits/stl_iterator_base_types.h:127:12: note: 'iterator<std::forward_iterator_tag, hemelb::io::xml::Element>' has been explicitly marked deprecated here
  127 |     struct _GLIBCXX17_DEPRECATED iterator
      |            ^
/usr/lib/gcc/x86_64-linux-gnu/14/../../../../include/x86_64-linux-gnu/c++/14/bits/c++config.h:123:34: note: expanded from macro '_GLIBCXX17_DEPRECATED'
  123 | # define _GLIBCXX17_DEPRECATED [[__deprecated__]]
      |                                  ^
In file included from /home/hpc-i/student10/HemePure_GPU_AMD/src/geometry/BlockTraverser.cc:8:
In file included from /home/hpc-i/student10/HemePure_GPU_AMD/src/geometry/LatticeData.h:18:
In file included from /home/hpc-i/student10/HemePure_GPU_AMD/src/configuration/SimConfig.h:19:
/home/hpc-i/student10/HemePure_GPU_AMD/src/io/xml/XmlAbstractionLayer.h:241:41: warning: 'iterator<std::forward_iterator_tag, hemelb::io::xml::Element>' is deprecated [-Wdeprecated-declarations]
  241 |       class ChildIterator : public std::iterator<std::forward_iterator_tag, Element>
      |                                         ^
/usr/lib/gcc/x86_64-linux-gnu/14/../../../../include/c++/14/bits/stl_iterator_base_types.h:127:12: note: 'iterator<std::forward_iterator_tag, hemelb::io::xml::Element>' has been explicitly marked deprecated here
  127 |     struct _GLIBCXX17_DEPRECATED iterator
      |            ^
/usr/lib/gcc/x86_64-linux-gnu/14/../../../../include/x86_64-linux-gnu/c++/14/bits/c++config.h:123:34: note: expanded from macro '_GLIBCXX17_DEPRECATED'
  123 | # define _GLIBCXX17_DEPRECATED [[__deprecated__]]
      |                                  ^
[ 36%] Building CXX object net/CMakeFiles/hemelb_net.dir/IteratedAction.cc.o
In file included from /home/hpc-i/student10/HemePure_GPU_AMD/src/SimulationMaster.cu:6:
In file included from /home/hpc-i/student10/HemePure_GPU_AMD/src/SimulationMaster.h:11:
In file included from /home/hpc-i/student10/HemePure_GPU_AMD/src/lb/lb.hpp:10:
In file included from /home/hpc-i/student10/HemePure_GPU_AMD/src/lb/lb.h:18:
In file included from /home/hpc-i/student10/HemePure_GPU_AMD/src/lb/BuildSystemInterface.h:10:
In file included from /home/hpc-i/student10/HemePure_GPU_AMD/src/lb/kernels/Kernels.h:15:
In file included from /home/hpc-i/student10/HemePure_GPU_AMD/src/lb/kernels/LBGKSpongeLayer.h:14:
/home/hpc-i/student10/HemePure_GPU_AMD/src/cuda_kernels_def_decl/cuda_params.h:401:2: warning: '/*' within block comment [-Wcomment]
  401 |         /* Despite its name, this method does not compute the whole pi tensor (i.e. momentum flux tensor). What it does is
      |         ^
/home/hpc-i/student10/HemePure_GPU_AMD/src/cuda_kernels_def_decl/cuda_params.h:466:2: warning: '/*' within block comment [-Wcomment]
  466 |         /* Despite its name, this method does not compute the whole pi tensor (i.e. momentum flux tensor). What it does is
      |         ^
1 warning generated when compiling for host.
[ 37%] Building CXX object io/CMakeFiles/hemelb_io.dir/writers/ascii/AsciiStreamWriter.cc.o
[ 38%] Building CXX object extraction/CMakeFiles/hemelb_extraction.dir/PropertyWriter.cc.o
[ 39%] Building CXX object io/CMakeFiles/hemelb_io.dir/writers/xdr/XdrFileReader.cc.o
1 warning generated when compiling for host.
[ 41%] Building HIP object geometry/CMakeFiles/hemelb_geometry.dir/GeometrySGMYReader.cc.o
[ 41%] Building CXX object net/CMakeFiles/hemelb_net.dir/IOCommunicator.cc.o
[ 42%] Building HIP object net/CMakeFiles/hemelb_net.dir/mixins/pointpoint/CoalescePointPoint.cc.o
[ 42%] Building CXX object io/CMakeFiles/hemelb_io.dir/writers/xdr/XdrFileWriter.cc.o
[ 43%] Building CXX object io/CMakeFiles/hemelb_io.dir/writers/xdr/XdrMemReader.cc.o
[ 44%] Building CXX object io/CMakeFiles/hemelb_io.dir/writers/xdr/XdrMemWriter.cc.o
In file included from /home/hpc-i/student10/HemePure_GPU_AMD/src/extraction/PropertyActor.cc:7:
In file included from /home/hpc-i/student10/HemePure_GPU_AMD/src/extraction/PropertyActor.h:11:
In file included from /home/hpc-i/student10/HemePure_GPU_AMD/src/io/PathManager.h:14:
In file included from /home/hpc-i/student10/HemePure_GPU_AMD/src/configuration/SimConfig.h:19:
/home/hpc-i/student10/HemePure_GPU_AMD/src/io/xml/XmlAbstractionLayer.h:241:41: warning: 'iterator<std::forward_iterator_tag, hemelb::io::xml::Element>' is deprecated [-Wdeprecated-declarations]
  241 |       class ChildIterator : public std::iterator<std::forward_iterator_tag, Element>
      |                                         ^
/usr/lib/gcc/x86_64-linux-gnu/14/../../../../include/c++/14/bits/stl_iterator_base_types.h:127:12: note: 'iterator<std::forward_iterator_tag, hemelb::io::xml::Element>' has been explicitly marked deprecated here
  127 |     struct _GLIBCXX17_DEPRECATED iterator
      |            ^
/usr/lib/gcc/x86_64-linux-gnu/14/../../../../include/x86_64-linux-gnu/c++/14/bits/c++config.h:123:34: note: expanded from macro '_GLIBCXX17_DEPRECATED'
  123 | # define _GLIBCXX17_DEPRECATED [[__deprecated__]]
      |                                  ^
[ 44%] Building HIP object net/CMakeFiles/hemelb_net.dir/mixins/pointpoint/SeparatedPointPoint.cc.o
[ 45%] Building CXX object io/CMakeFiles/hemelb_io.dir/writers/xdr/XdrReader.cc.o
1 warning generated when compiling for gfx1201.
In file included from /home/hpc-i/student10/HemePure_GPU_AMD/src/SimulationMaster.cu:6:
In file included from /home/hpc-i/student10/HemePure_GPU_AMD/src/SimulationMaster.h:11:
/home/hpc-i/student10/HemePure_GPU_AMD/src/lb/lb.hpp:7121:121: warning: format specifies type 'int' but the argument has type 'LatticeTimeStep' (aka 'unsigned long') [-Wformat]
 7121 |                                                         fprintf(stderr,"deviceHostAlloc (pinned mem) for h_ghostDensity_inlet failed... Rank = %d, Time = %d \n", myPiD, mState->GetTimeStep());
      |                                                                                                                                                           ~~             ^~~~~~~~~~~~~~~~~~~~~
      |                                                                                                                                                           %lu
/home/hpc-i/student10/HemePure_GPU_AMD/src/lb/lb.hpp:9147:22: note: in instantiation of member function 'hemelb::lb::LBM<hemelb::lb::lattices::D3Q19>::PreSend' requested here
 9147 |                         LBM<LatticeType>::~LBM()
      |                                           ^
/home/hpc-i/student10/HemePure_GPU_AMD/src/SimulationMaster.cu:94:2: note: in instantiation of member function 'hemelb::lb::LBM<hemelb::lb::lattices::D3Q19>::~LBM' requested here
   94 |         delete latticeBoltzmannModel;
      |         ^
In file included from /home/hpc-i/student10/HemePure_GPU_AMD/src/SimulationMaster.cu:6:
In file included from /home/hpc-i/student10/HemePure_GPU_AMD/src/SimulationMaster.h:11:
/home/hpc-i/student10/HemePure_GPU_AMD/src/lb/lb.hpp:7195:121: warning: format specifies type 'int' but the argument has type 'LatticeTimeStep' (aka 'unsigned long') [-Wformat]
 7195 |                                                         fprintf(stderr,"deviceHostAlloc (pinned mem) for h_ghostDensity_inlet outlet... Rank = %d, Time = %d \n", myPiD, mState->GetTimeStep());
      |                                                                                                                                                           ~~             ^~~~~~~~~~~~~~~~~~~~~
      |                                                                                                                                                           %lu
In file included from /home/hpc-i/student10/HemePure_GPU_AMD/src/SimulationMaster.cu:6:
In file included from /home/hpc-i/student10/HemePure_GPU_AMD/src/SimulationMaster.h:9:
In file included from /home/hpc-i/student10/HemePure_GPU_AMD/src/lb/lattices/Lattices.h:9:
In file included from /home/hpc-i/student10/HemePure_GPU_AMD/src/lb/lattices/D3Q15.h:10:
/home/hpc-i/student10/HemePure_GPU_AMD/src/lb/lattices/Lattice.h:819:12: warning: instantiation of variable 'hemelb::lb::lattices::Lattice<hemelb::lb::lattices::D3Q19>::singletonInfo' required here, but no definition is available [-Wundefined-var-template]
  819 |                                                         if (singletonInfo == nullptr)
      |                                                             ^
/home/hpc-i/student10/HemePure_GPU_AMD/src/SimulationMaster.cu:155:65: note: in instantiation of member function 'hemelb::lb::lattices::Lattice<hemelb::lb::lattices::D3Q19>::GetLatticeInfo' requested here
  155 |       hemelb::geometry::GeometrySGMYReader reader( latticeType::GetLatticeInfo(), timings, ioComms);
      |                                                                 ^
/home/hpc-i/student10/HemePure_GPU_AMD/src/lb/lattices/Lattice.h:904:27: note: forward declaration of template entity is here
  904 |                                                 static LatticeInfo* singletonInfo;
      |                                                                     ^
/home/hpc-i/student10/HemePure_GPU_AMD/src/lb/lattices/Lattice.h:819:12: note: add an explicit instantiation declaration to suppress this warning if 'hemelb::lb::lattices::Lattice<hemelb::lb::lattices::D3Q19>::singletonInfo' is explicitly instantiated in another translation unit
  819 |                                                         if (singletonInfo == nullptr)
      |                                                             ^
[ 45%] Building CXX object io/CMakeFiles/hemelb_io.dir/writers/xdr/XdrWriter.cc.o
[ 46%] Building HIP object net/CMakeFiles/hemelb_net.dir/mixins/pointpoint/ImmediatePointPoint.cc.o
6 warnings generated when compiling for host.
[ 47%] Linking HIP static library libgpu_objs.a
[ 48%] Building HIP object net/CMakeFiles/hemelb_net.dir/mixins/gathers/SeparatedGathers.cc.o
[ 48%] Building CXX object lb/CMakeFiles/hemelb_lb.dir/iolets/InOutLetParabolicVelocity.cc.o
[ 48%] Built target gpu_objs
[ 49%] Building HIP object net/CMakeFiles/hemelb_net.dir/mixins/gathers/ViaPointPointGathers.cc.o
[ 50%] Building CXX object lb/CMakeFiles/hemelb_lb.dir/iolets/InOutLetWomersleyVelocity.cc.o
In file included from /home/hpc-i/student10/HemePure_GPU_AMD/src/extraction/PropertyActor.cc:7:
In file included from /home/hpc-i/student10/HemePure_GPU_AMD/src/extraction/PropertyActor.h:11:
In file included from /home/hpc-i/student10/HemePure_GPU_AMD/src/io/PathManager.h:14:
In file included from /home/hpc-i/student10/HemePure_GPU_AMD/src/configuration/SimConfig.h:19:
/home/hpc-i/student10/HemePure_GPU_AMD/src/io/xml/XmlAbstractionLayer.h:241:41: warning: 'iterator<std::forward_iterator_tag, hemelb::io::xml::Element>' is deprecated [-Wdeprecated-declarations]
  241 |       class ChildIterator : public std::iterator<std::forward_iterator_tag, Element>
      |                                         ^
/usr/lib/gcc/x86_64-linux-gnu/14/../../../../include/c++/14/bits/stl_iterator_base_types.h:127:12: note: 'iterator<std::forward_iterator_tag, hemelb::io::xml::Element>' has been explicitly marked deprecated here
  127 |     struct _GLIBCXX17_DEPRECATED iterator
      |            ^
/usr/lib/gcc/x86_64-linux-gnu/14/../../../../include/x86_64-linux-gnu/c++/14/bits/c++config.h:123:34: note: expanded from macro '_GLIBCXX17_DEPRECATED'
  123 | # define _GLIBCXX17_DEPRECATED [[__deprecated__]]
      |                                  ^
[ 51%] Building CXX object io/CMakeFiles/hemelb_io.dir/writers/null/NullWriter.cc.o
[ 52%] Building CXX object io/CMakeFiles/hemelb_io.dir/writers/Writer.cc.o
[ 52%] Building HIP object geometry/CMakeFiles/hemelb_geometry.dir/LatticeData.cc.o
1 warning generated when compiling for host.
[ 52%] Building CXX object extraction/CMakeFiles/hemelb_extraction.dir/InletSelector.cc.o
[ 53%] Building CXX object io/CMakeFiles/hemelb_io.dir/formats/geometry.cc.o
[ 54%] Building CXX object extraction/CMakeFiles/hemelb_extraction.dir/OutletSelector.cc.o
[ 55%] Building CXX object lb/CMakeFiles/hemelb_lb.dir/iolets/InOutLetFileVelocity.cc.o
[ 55%] Building HIP object net/CMakeFiles/hemelb_net.dir/mixins/alltoall/SeparatedAllToAll.cc.o
[ 56%] Building HIP object net/CMakeFiles/hemelb_net.dir/mixins/alltoall/ViaPointPointAllToAll.cc.o
[ 57%] Building HIP object net/CMakeFiles/hemelb_net.dir/mixins/StoringNet.cc.o
[ 58%] Building CXX object net/CMakeFiles/hemelb_net.dir/ProcComms.cc.o
In file included from /home/hpc-i/student10/HemePure_GPU_AMD/src/geometry/LatticeData.cc:13:
In file included from /home/hpc-i/student10/HemePure_GPU_AMD/src/geometry/LatticeData.h:18:
In file included from /home/hpc-i/student10/HemePure_GPU_AMD/src/configuration/SimConfig.h:19:
/home/hpc-i/student10/HemePure_GPU_AMD/src/io/xml/XmlAbstractionLayer.h:241:41: warning: 'iterator<std::forward_iterator_tag, hemelb::io::xml::Element>' is deprecated [-Wdeprecated-declarations]
  241 |       class ChildIterator : public std::iterator<std::forward_iterator_tag, Element>
      |                                         ^
/usr/lib/gcc/x86_64-linux-gnu/14/../../../../include/c++/14/bits/stl_iterator_base_types.h:127:12: note: 'iterator<std::forward_iterator_tag, hemelb::io::xml::Element>' has been explicitly marked deprecated here
  127 |     struct _GLIBCXX17_DEPRECATED iterator
      |            ^
/usr/lib/gcc/x86_64-linux-gnu/14/../../../../include/x86_64-linux-gnu/c++/14/bits/c++config.h:123:34: note: expanded from macro '_GLIBCXX17_DEPRECATED'
  123 | # define _GLIBCXX17_DEPRECATED [[__deprecated__]]
      |                                  ^
[ 58%] Building CXX object net/CMakeFiles/hemelb_net.dir/phased/StepManager.cc.o
[ 59%] Building CXX object io/CMakeFiles/hemelb_io.dir/xml/XmlAbstractionLayer.cc.o
[ 60%] Building HIP object net/CMakeFiles/hemelb_net.dir/BaseNet.cc.o
[ 61%] Building CXX object extraction/CMakeFiles/hemelb_extraction.dir/WholeGeometrySelector.cc.o
[ 62%] Building CXX object geometry/CMakeFiles/hemelb_geometry.dir/SiteData.cc.o
1 warning generated when compiling for gfx1201.
[ 63%] Building HIP object extraction/CMakeFiles/hemelb_extraction.dir/LbDataSourceIterator.cc.o
[ 64%] Building CXX object geometry/CMakeFiles/hemelb_geometry.dir/SiteDataBare.cc.o
[ 65%] Building HIP object geometry/CMakeFiles/hemelb_geometry.dir/SiteTraverser.cc.o
[ 65%] Building CXX object extraction/CMakeFiles/hemelb_extraction.dir/GeometrySurfaceSelector.cc.o
[ 65%] Building CXX object geometry/CMakeFiles/hemelb_geometry.dir/VolumeTraverser.cc.o
[ 66%] Building HIP object lb/CMakeFiles/hemelb_lb.dir/IncompressibilityChecker.cc.o
In file included from /home/hpc-i/student10/HemePure_GPU_AMD/src/extraction/LbDataSourceIterator.cc:7:
In file included from /home/hpc-i/student10/HemePure_GPU_AMD/src/extraction/LbDataSourceIterator.h:11:
In file included from /home/hpc-i/student10/HemePure_GPU_AMD/src/geometry/LatticeData.h:18:
In file included from /home/hpc-i/student10/HemePure_GPU_AMD/src/configuration/SimConfig.h:19:
/home/hpc-i/student10/HemePure_GPU_AMD/src/io/xml/XmlAbstractionLayer.h:241:41: warning: 'iterator<std::forward_iterator_tag, hemelb::io::xml::Element>' is deprecated [-Wdeprecated-declarations]
  241 |       class ChildIterator : public std::iterator<std::forward_iterator_tag, Element>
      |                                         ^
/usr/lib/gcc/x86_64-linux-gnu/14/../../../../include/c++/14/bits/stl_iterator_base_types.h:127:12: note: 'iterator<std::forward_iterator_tag, hemelb::io::xml::Element>' has been explicitly marked deprecated here
  127 |     struct _GLIBCXX17_DEPRECATED iterator
      |            ^
/usr/lib/gcc/x86_64-linux-gnu/14/../../../../include/x86_64-linux-gnu/c++/14/bits/c++config.h:123:34: note: expanded from macro '_GLIBCXX17_DEPRECATED'
  123 | # define _GLIBCXX17_DEPRECATED [[__deprecated__]]
      |                                  ^
1 warning generated when compiling for gfx1201.
[ 67%] Building CXX object lb/CMakeFiles/hemelb_lb.dir/kernels/momentBasis/DHumieresD3Q15MRTBasis.cc.o
In file included from /home/hpc-i/student10/HemePure_GPU_AMD/src/geometry/SiteTraverser.cc:7:
In file included from /home/hpc-i/student10/HemePure_GPU_AMD/src/geometry/LatticeData.h:18:
In file included from /home/hpc-i/student10/HemePure_GPU_AMD/src/configuration/SimConfig.h:19:
/home/hpc-i/student10/HemePure_GPU_AMD/src/io/xml/XmlAbstractionLayer.h:241:41: warning: 'iterator<std::forward_iterator_tag, hemelb::io::xml::Element>' is deprecated [-Wdeprecated-declarations]
  241 |       class ChildIterator : public std::iterator<std::forward_iterator_tag, Element>
      |                                         ^
/usr/lib/gcc/x86_64-linux-gnu/14/../../../../include/c++/14/bits/stl_iterator_base_types.h:127:12: note: 'iterator<std::forward_iterator_tag, hemelb::io::xml::Element>' has been explicitly marked deprecated here
  127 |     struct _GLIBCXX17_DEPRECATED iterator
      |            ^
/usr/lib/gcc/x86_64-linux-gnu/14/../../../../include/x86_64-linux-gnu/c++/14/bits/c++config.h:123:34: note: expanded from macro '_GLIBCXX17_DEPRECATED'
  123 | # define _GLIBCXX17_DEPRECATED [[__deprecated__]]
      |                                  ^
[ 67%] Linking CXX static library libhemelb_io.a
[ 67%] Building CXX object lb/CMakeFiles/hemelb_lb.dir/kernels/momentBasis/DHumieresD3Q19MRTBasis.cc.o
[ 68%] Building CXX object extraction/CMakeFiles/hemelb_extraction.dir/SurfacePointSelector.cc.o
[ 69%] Building CXX object geometry/CMakeFiles/hemelb_geometry.dir/decomposition/BasicDecomposition.cc.o
[ 70%] Building HIP object geometry/CMakeFiles/hemelb_geometry.dir/decomposition/OptimisedDecomposition.cc.o
[ 70%] Built target hemelb_io
[ 71%] Building HIP object extraction/CMakeFiles/hemelb_extraction.dir/LocalDistributionInput.cc.o
[ 72%] Building HIP object geometry/CMakeFiles/hemelb_geometry.dir/needs/Needs.cc.o
[ 73%] Linking HIP static library libhemelb_net.a
1 warning generated when compiling for gfx1201.
[ 74%] Building HIP object colloids/CMakeFiles/hemelb_colloidsBCs.dir/BoundaryConditions.cc.o
[ 74%] Built target hemelb_net
In file included from /home/hpc-i/student10/HemePure_GPU_AMD/src/geometry/LatticeData.cc:13:
In file included from /home/hpc-i/student10/HemePure_GPU_AMD/src/geometry/LatticeData.h:18:
In file included from /home/hpc-i/student10/HemePure_GPU_AMD/src/configuration/SimConfig.h:19:
/home/hpc-i/student10/HemePure_GPU_AMD/src/io/xml/XmlAbstractionLayer.h:241:41: warning: 'iterator<std::forward_iterator_tag, hemelb::io::xml::Element>' is deprecated [-Wdeprecated-declarations]
  241 |       class ChildIterator : public std::iterator<std::forward_iterator_tag, Element>
      |                                         ^
/usr/lib/gcc/x86_64-linux-gnu/14/../../../../include/c++/14/bits/stl_iterator_base_types.h:127:12: note: 'iterator<std::forward_iterator_tag, hemelb::io::xml::Element>' has been explicitly marked deprecated here
  127 |     struct _GLIBCXX17_DEPRECATED iterator
      |            ^
/usr/lib/gcc/x86_64-linux-gnu/14/../../../../include/x86_64-linux-gnu/c++/14/bits/c++config.h:123:34: note: expanded from macro '_GLIBCXX17_DEPRECATED'
  123 | # define _GLIBCXX17_DEPRECATED [[__deprecated__]]
      |                                  ^
[ 74%] Building HIP object geometry/CMakeFiles/hemelb_geometry.dir/neighbouring/NeighbouringDataManager.cc.o
[ 75%] Building HIP object colloids/CMakeFiles/hemelb_colloidsForces.dir/BodyForces.cc.o
[ 76%] Building CXX object geometry/CMakeFiles/hemelb_geometry.dir/neighbouring/NeighbouringLatticeData.cc.o
In file included from /home/hpc-i/student10/HemePure_GPU_AMD/src/colloids/BoundaryConditions.cc:7:
In file included from /home/hpc-i/student10/HemePure_GPU_AMD/src/colloids/BoundaryConditions.h:13:
/home/hpc-i/student10/HemePure_GPU_AMD/src/io/xml/XmlAbstractionLayer.h:241:41: warning: 'iterator<std::forward_iterator_tag, hemelb::io::xml::Element>' is deprecated [-Wdeprecated-declarations]
  241 |       class ChildIterator : public std::iterator<std::forward_iterator_tag, Element>
      |                                         ^
/usr/lib/gcc/x86_64-linux-gnu/14/../../../../include/c++/14/bits/stl_iterator_base_types.h:127:12: note: 'iterator<std::forward_iterator_tag, hemelb::io::xml::Element>' has been explicitly marked deprecated here
  127 |     struct _GLIBCXX17_DEPRECATED iterator
      |            ^
/usr/lib/gcc/x86_64-linux-gnu/14/../../../../include/x86_64-linux-gnu/c++/14/bits/c++config.h:123:34: note: expanded from macro '_GLIBCXX17_DEPRECATED'
  123 | # define _GLIBCXX17_DEPRECATED [[__deprecated__]]
      |                                  ^
[ 77%] Building CXX object geometry/CMakeFiles/hemelb_geometry.dir/neighbouring/RequiredSiteInformation.cc.o
In file included from /home/hpc-i/student10/HemePure_GPU_AMD/src/extraction/LbDataSourceIterator.cc:7:
In file included from /home/hpc-i/student10/HemePure_GPU_AMD/src/extraction/LbDataSourceIterator.h:11:
In file included from /home/hpc-i/student10/HemePure_GPU_AMD/src/geometry/LatticeData.h:18:
In file included from /home/hpc-i/student10/HemePure_GPU_AMD/src/configuration/SimConfig.h:19:
/home/hpc-i/student10/HemePure_GPU_AMD/src/io/xml/XmlAbstractionLayer.h:241:41: warning: 'iterator<std::forward_iterator_tag, hemelb::io::xml::Element>' is deprecated [-Wdeprecated-declarations]
  241 |       class ChildIterator : public std::iterator<std::forward_iterator_tag, Element>
      |                                         ^
/usr/lib/gcc/x86_64-linux-gnu/14/../../../../include/c++/14/bits/stl_iterator_base_types.h:127:12: note: 'iterator<std::forward_iterator_tag, hemelb::io::xml::Element>' has been explicitly marked deprecated here
  127 |     struct _GLIBCXX17_DEPRECATED iterator
      |            ^
/usr/lib/gcc/x86_64-linux-gnu/14/../../../../include/x86_64-linux-gnu/c++/14/bits/c++config.h:123:34: note: expanded from macro '_GLIBCXX17_DEPRECATED'
  123 | # define _GLIBCXX17_DEPRECATED [[__deprecated__]]
      |                                  ^
In file included from /home/hpc-i/student10/HemePure_GPU_AMD/src/colloids/BodyForces.cc:7:
In file included from /home/hpc-i/student10/HemePure_GPU_AMD/src/colloids/BodyForces.h:10:
/home/hpc-i/student10/HemePure_GPU_AMD/src/io/xml/XmlAbstractionLayer.h:241:41: warning: 'iterator<std::forward_iterator_tag, hemelb::io::xml::Element>' is deprecated [-Wdeprecated-declarations]
  241 |       class ChildIterator : public std::iterator<std::forward_iterator_tag, Element>
      |                                         ^
/usr/lib/gcc/x86_64-linux-gnu/14/../../../../include/c++/14/bits/stl_iterator_base_types.h:127:12: note: 'iterator<std::forward_iterator_tag, hemelb::io::xml::Element>' has been explicitly marked deprecated here
  127 |     struct _GLIBCXX17_DEPRECATED iterator
      |            ^
/usr/lib/gcc/x86_64-linux-gnu/14/../../../../include/x86_64-linux-gnu/c++/14/bits/c++config.h:123:34: note: expanded from macro '_GLIBCXX17_DEPRECATED'
  123 | # define _GLIBCXX17_DEPRECATED [[__deprecated__]]
      |                                  ^
In file included from /home/hpc-i/student10/HemePure_GPU_AMD/src/lb/IncompressibilityChecker.cc:8:
In file included from /home/hpc-i/student10/HemePure_GPU_AMD/src/lb/IncompressibilityChecker.hpp:10:
In file included from /home/hpc-i/student10/HemePure_GPU_AMD/src/lb/IncompressibilityChecker.h:10:
In file included from /home/hpc-i/student10/HemePure_GPU_AMD/src/geometry/LatticeData.h:18:
In file included from /home/hpc-i/student10/HemePure_GPU_AMD/src/configuration/SimConfig.h:19:
/home/hpc-i/student10/HemePure_GPU_AMD/src/io/xml/XmlAbstractionLayer.h:241:41: warning: 'iterator<std::forward_iterator_tag, hemelb::io::xml::Element>' is deprecated [-Wdeprecated-declarations]
  241 |       class ChildIterator : public std::iterator<std::forward_iterator_tag, Element>
      |                                         ^
/usr/lib/gcc/x86_64-linux-gnu/14/../../../../include/c++/14/bits/stl_iterator_base_types.h:127:12: note: 'iterator<std::forward_iterator_tag, hemelb::io::xml::Element>' has been explicitly marked deprecated here
  127 |     struct _GLIBCXX17_DEPRECATED iterator
      |            ^
/usr/lib/gcc/x86_64-linux-gnu/14/../../../../include/x86_64-linux-gnu/c++/14/bits/c++config.h:123:34: note: expanded from macro '_GLIBCXX17_DEPRECATED'
  123 | # define _GLIBCXX17_DEPRECATED [[__deprecated__]]
      |                                  ^
1 warning generated when compiling for host.
[ 78%] Building CXX object lb/CMakeFiles/hemelb_lb.dir/kernels/rheologyModels/AbstractRheologyModel.cc.o
In file included from /home/hpc-i/student10/HemePure_GPU_AMD/src/extraction/LocalDistributionInput.cc:4:
In file included from /home/hpc-i/student10/HemePure_GPU_AMD/src/geometry/LatticeData.h:18:
In file included from /home/hpc-i/student10/HemePure_GPU_AMD/src/configuration/SimConfig.h:19:
/home/hpc-i/student10/HemePure_GPU_AMD/src/io/xml/XmlAbstractionLayer.h:241:41: warning: 'iterator<std::forward_iterator_tag, hemelb::io::xml::Element>' is deprecated [-Wdeprecated-declarations]
  241 |       class ChildIterator : public std::iterator<std::forward_iterator_tag, Element>
      |                                         ^
/usr/lib/gcc/x86_64-linux-gnu/14/../../../../include/c++/14/bits/stl_iterator_base_types.h:127:12: note: 'iterator<std::forward_iterator_tag, hemelb::io::xml::Element>' has been explicitly marked deprecated here
  127 |     struct _GLIBCXX17_DEPRECATED iterator
      |            ^
/usr/lib/gcc/x86_64-linux-gnu/14/../../../../include/x86_64-linux-gnu/c++/14/bits/c++config.h:123:34: note: expanded from macro '_GLIBCXX17_DEPRECATED'
  123 | # define _GLIBCXX17_DEPRECATED [[__deprecated__]]
      |                                  ^
[ 79%] Building CXX object lb/CMakeFiles/hemelb_lb.dir/kernels/rheologyModels/CarreauYasudaRheologyModel.cc.o
1 warning generated when compiling for host.
1 warning generated when compiling for gfx1201.
[ 80%] Building CXX object lb/CMakeFiles/hemelb_lb.dir/kernels/rheologyModels/CassonRheologyModel.cc.o
In file included from /home/hpc-i/student10/HemePure_GPU_AMD/src/geometry/SiteTraverser.cc:7:
In file included from /home/hpc-i/student10/HemePure_GPU_AMD/src/geometry/LatticeData.h:18:
In file included from /home/hpc-i/student10/HemePure_GPU_AMD/src/configuration/SimConfig.h:19:
/home/hpc-i/student10/HemePure_GPU_AMD/src/io/xml/XmlAbstractionLayer.h:241:41: warning: 'iterator<std::forward_iterator_tag, hemelb::io::xml::Element>' is deprecated [-Wdeprecated-declarations]
  241 |       class ChildIterator : public std::iterator<std::forward_iterator_tag, Element>
      |                                         ^
/usr/lib/gcc/x86_64-linux-gnu/14/../../../../include/c++/14/bits/stl_iterator_base_types.h:127:12: note: 'iterator<std::forward_iterator_tag, hemelb::io::xml::Element>' has been explicitly marked deprecated here
  127 |     struct _GLIBCXX17_DEPRECATED iterator
      |            ^
/usr/lib/gcc/x86_64-linux-gnu/14/../../../../include/x86_64-linux-gnu/c++/14/bits/c++config.h:123:34: note: expanded from macro '_GLIBCXX17_DEPRECATED'
  123 | # define _GLIBCXX17_DEPRECATED [[__deprecated__]]
      |                                  ^
In file included from /home/hpc-i/student10/HemePure_GPU_AMD/src/geometry/neighbouring/NeighbouringDataManager.cc:9:
In file included from /home/hpc-i/student10/HemePure_GPU_AMD/src/geometry/neighbouring/NeighbouringDataManager.h:10:
In file included from /home/hpc-i/student10/HemePure_GPU_AMD/src/geometry/LatticeData.h:18:
In file included from /home/hpc-i/student10/HemePure_GPU_AMD/src/configuration/SimConfig.h:19:
/home/hpc-i/student10/HemePure_GPU_AMD/src/io/xml/XmlAbstractionLayer.h:241:41: warning: 'iterator<std::forward_iterator_tag, hemelb::io::xml::Element>' is deprecated [-Wdeprecated-declarations]
  241 |       class ChildIterator : public std::iterator<std::forward_iterator_tag, Element>
      |                                         ^
/usr/lib/gcc/x86_64-linux-gnu/14/../../../../include/c++/14/bits/stl_iterator_base_types.h:127:12: note: 'iterator<std::forward_iterator_tag, hemelb::io::xml::Element>' has been explicitly marked deprecated here
  127 |     struct _GLIBCXX17_DEPRECATED iterator
      |            ^
/usr/lib/gcc/x86_64-linux-gnu/14/../../../../include/x86_64-linux-gnu/c++/14/bits/c++config.h:123:34: note: expanded from macro '_GLIBCXX17_DEPRECATED'
  123 | # define _GLIBCXX17_DEPRECATED [[__deprecated__]]
      |                                  ^
[ 80%] Building CXX object lb/CMakeFiles/hemelb_lb.dir/kernels/rheologyModels/TruncatedPowerLawRheologyModel.cc.o
1 warning generated when compiling for gfx1201.
[ 81%] Building CXX object lb/CMakeFiles/hemelb_lb.dir/lattices/LatticeInfo.cc.o
1 warning generated when compiling for host.
[ 82%] Building CXX object lb/CMakeFiles/hemelb_lb.dir/lattices/D3Q15.cc.o
1 warning generated when compiling for gfx1201.
[ 83%] Building CXX object lb/CMakeFiles/hemelb_lb.dir/lattices/D3Q19.cc.o
1 warning generated when compiling for gfx1201.
[ 83%] Building CXX object lb/CMakeFiles/hemelb_lb.dir/lattices/D3Q27.cc.o
1 warning generated when compiling for gfx1201.
[ 84%] Building CXX object lb/CMakeFiles/hemelb_lb.dir/lattices/D3Q15i.cc.o
[ 85%] Building HIP object lb/CMakeFiles/hemelb_lb.dir/MacroscopicPropertyCache.cc.o
[ 86%] Building CXX object lb/CMakeFiles/hemelb_lb.dir/SimulationState.cc.o
In file included from /home/hpc-i/student10/HemePure_GPU_AMD/src/colloids/BoundaryConditions.cc:7:
In file included from /home/hpc-i/student10/HemePure_GPU_AMD/src/colloids/BoundaryConditions.h:13:
/home/hpc-i/student10/HemePure_GPU_AMD/src/io/xml/XmlAbstractionLayer.h:241:41: warning: 'iterator<std::forward_iterator_tag, hemelb::io::xml::Element>' is deprecated [-Wdeprecated-declarations]
  241 |       class ChildIterator : public std::iterator<std::forward_iterator_tag, Element>
      |                                         ^
/usr/lib/gcc/x86_64-linux-gnu/14/../../../../include/c++/14/bits/stl_iterator_base_types.h:127:12: note: 'iterator<std::forward_iterator_tag, hemelb::io::xml::Element>' has been explicitly marked deprecated here
  127 |     struct _GLIBCXX17_DEPRECATED iterator
      |            ^
/usr/lib/gcc/x86_64-linux-gnu/14/../../../../include/x86_64-linux-gnu/c++/14/bits/c++config.h:123:34: note: expanded from macro '_GLIBCXX17_DEPRECATED'
  123 | # define _GLIBCXX17_DEPRECATED [[__deprecated__]]
      |                                  ^
In file included from /home/hpc-i/student10/HemePure_GPU_AMD/src/colloids/BodyForces.cc:7:
In file included from /home/hpc-i/student10/HemePure_GPU_AMD/src/colloids/BodyForces.h:10:
/home/hpc-i/student10/HemePure_GPU_AMD/src/io/xml/XmlAbstractionLayer.h:241:41: warning: 'iterator<std::forward_iterator_tag, hemelb::io::xml::Element>' is deprecated [-Wdeprecated-declarations]
  241 |       class ChildIterator : public std::iterator<std::forward_iterator_tag, Element>
      |                                         ^
/usr/lib/gcc/x86_64-linux-gnu/14/../../../../include/c++/14/bits/stl_iterator_base_types.h:127:12: note: 'iterator<std::forward_iterator_tag, hemelb::io::xml::Element>' has been explicitly marked deprecated here
  127 |     struct _GLIBCXX17_DEPRECATED iterator
      |            ^
/usr/lib/gcc/x86_64-linux-gnu/14/../../../../include/x86_64-linux-gnu/c++/14/bits/c++config.h:123:34: note: expanded from macro '_GLIBCXX17_DEPRECATED'
  123 | # define _GLIBCXX17_DEPRECATED [[__deprecated__]]
      |                                  ^
In file included from /home/hpc-i/student10/HemePure_GPU_AMD/src/lb/IncompressibilityChecker.cc:8:
In file included from /home/hpc-i/student10/HemePure_GPU_AMD/src/lb/IncompressibilityChecker.hpp:10:
In file included from /home/hpc-i/student10/HemePure_GPU_AMD/src/lb/IncompressibilityChecker.h:10:
In file included from /home/hpc-i/student10/HemePure_GPU_AMD/src/geometry/LatticeData.h:18:
In file included from /home/hpc-i/student10/HemePure_GPU_AMD/src/configuration/SimConfig.h:19:
/home/hpc-i/student10/HemePure_GPU_AMD/src/io/xml/XmlAbstractionLayer.h:241:41: warning: 'iterator<std::forward_iterator_tag, hemelb::io::xml::Element>' is deprecated [-Wdeprecated-declarations]
  241 |       class ChildIterator : public std::iterator<std::forward_iterator_tag, Element>
      |                                         ^
/usr/lib/gcc/x86_64-linux-gnu/14/../../../../include/c++/14/bits/stl_iterator_base_types.h:127:12: note: 'iterator<std::forward_iterator_tag, hemelb::io::xml::Element>' has been explicitly marked deprecated here
  127 |     struct _GLIBCXX17_DEPRECATED iterator
      |            ^
/usr/lib/gcc/x86_64-linux-gnu/14/../../../../include/x86_64-linux-gnu/c++/14/bits/c++config.h:123:34: note: expanded from macro '_GLIBCXX17_DEPRECATED'
  123 | # define _GLIBCXX17_DEPRECATED [[__deprecated__]]
      |                                  ^
[ 87%] Building HIP object lb/CMakeFiles/hemelb_lb.dir/StabilityTester.cc.o
In file included from /home/hpc-i/student10/HemePure_GPU_AMD/src/extraction/LocalDistributionInput.cc:4:
In file included from /home/hpc-i/student10/HemePure_GPU_AMD/src/geometry/LatticeData.h:18:
In file included from /home/hpc-i/student10/HemePure_GPU_AMD/src/configuration/SimConfig.h:19:
/home/hpc-i/student10/HemePure_GPU_AMD/src/io/xml/XmlAbstractionLayer.h:241:41: warning: 'iterator<std::forward_iterator_tag, hemelb::io::xml::Element>' is deprecated [-Wdeprecated-declarations]
  241 |       class ChildIterator : public std::iterator<std::forward_iterator_tag, Element>
      |                                         ^
/usr/lib/gcc/x86_64-linux-gnu/14/../../../../include/c++/14/bits/stl_iterator_base_types.h:127:12: note: 'iterator<std::forward_iterator_tag, hemelb::io::xml::Element>' has been explicitly marked deprecated here
  127 |     struct _GLIBCXX17_DEPRECATED iterator
      |            ^
/usr/lib/gcc/x86_64-linux-gnu/14/../../../../include/x86_64-linux-gnu/c++/14/bits/c++config.h:123:34: note: expanded from macro '_GLIBCXX17_DEPRECATED'
  123 | # define _GLIBCXX17_DEPRECATED [[__deprecated__]]
      |                                  ^
[ 87%] Building HIP object lb/CMakeFiles/hemelb_lb.dir/InitialCondition.cc.o
In file included from /home/hpc-i/student10/HemePure_GPU_AMD/src/geometry/neighbouring/NeighbouringDataManager.cc:9:
In file included from /home/hpc-i/student10/HemePure_GPU_AMD/src/geometry/neighbouring/NeighbouringDataManager.h:10:
In file included from /home/hpc-i/student10/HemePure_GPU_AMD/src/geometry/LatticeData.h:18:
In file included from /home/hpc-i/student10/HemePure_GPU_AMD/src/configuration/SimConfig.h:19:
/home/hpc-i/student10/HemePure_GPU_AMD/src/io/xml/XmlAbstractionLayer.h:241:41: warning: 'iterator<std::forward_iterator_tag, hemelb::io::xml::Element>' is deprecated [-Wdeprecated-declarations]
  241 |       class ChildIterator : public std::iterator<std::forward_iterator_tag, Element>
      |                                         ^
/usr/lib/gcc/x86_64-linux-gnu/14/../../../../include/c++/14/bits/stl_iterator_base_types.h:127:12: note: 'iterator<std::forward_iterator_tag, hemelb::io::xml::Element>' has been explicitly marked deprecated here
  127 |     struct _GLIBCXX17_DEPRECATED iterator
      |            ^
/usr/lib/gcc/x86_64-linux-gnu/14/../../../../include/x86_64-linux-gnu/c++/14/bits/c++config.h:123:34: note: expanded from macro '_GLIBCXX17_DEPRECATED'
  123 | # define _GLIBCXX17_DEPRECATED [[__deprecated__]]
      |                                  ^
1 warning generated when compiling for host.
1 warning generated when compiling for host.
[ 88%] Linking HIP static library libhemelb_extraction.a
1 warning generated when compiling for host.
[ 88%] Built target hemelb_extraction
[ 89%] Linking HIP static library libhemelb_geometry.a
[ 89%] Built target hemelb_geometry
In file included from /home/hpc-i/student10/HemePure_GPU_AMD/src/lb/MacroscopicPropertyCache.cc:7:
In file included from /home/hpc-i/student10/HemePure_GPU_AMD/src/lb/MacroscopicPropertyCache.h:11:
In file included from /home/hpc-i/student10/HemePure_GPU_AMD/src/geometry/LatticeData.h:18:
In file included from /home/hpc-i/student10/HemePure_GPU_AMD/src/configuration/SimConfig.h:19:
/home/hpc-i/student10/HemePure_GPU_AMD/src/io/xml/XmlAbstractionLayer.h:241:41: warning: 'iterator<std::forward_iterator_tag, hemelb::io::xml::Element>' is deprecated [-Wdeprecated-declarations]
  241 |       class ChildIterator : public std::iterator<std::forward_iterator_tag, Element>
      |                                         ^
/usr/lib/gcc/x86_64-linux-gnu/14/../../../../include/c++/14/bits/stl_iterator_base_types.h:127:12: note: 'iterator<std::forward_iterator_tag, hemelb::io::xml::Element>' has been explicitly marked deprecated here
  127 |     struct _GLIBCXX17_DEPRECATED iterator
      |            ^
/usr/lib/gcc/x86_64-linux-gnu/14/../../../../include/x86_64-linux-gnu/c++/14/bits/c++config.h:123:34: note: expanded from macro '_GLIBCXX17_DEPRECATED'
  123 | # define _GLIBCXX17_DEPRECATED [[__deprecated__]]
      |                                  ^
In file included from /home/hpc-i/student10/HemePure_GPU_AMD/src/lb/InitialCondition.cc:6:
In file included from /home/hpc-i/student10/HemePure_GPU_AMD/src/lb/InitialCondition.h:11:
In file included from /home/hpc-i/student10/HemePure_GPU_AMD/src/geometry/LatticeData.h:18:
In file included from /home/hpc-i/student10/HemePure_GPU_AMD/src/configuration/SimConfig.h:19:
/home/hpc-i/student10/HemePure_GPU_AMD/src/io/xml/XmlAbstractionLayer.h:241:41: warning: 'iterator<std::forward_iterator_tag, hemelb::io::xml::Element>' is deprecated [-Wdeprecated-declarations]
  241 |       class ChildIterator : public std::iterator<std::forward_iterator_tag, Element>
      |                                         ^
/usr/lib/gcc/x86_64-linux-gnu/14/../../../../include/c++/14/bits/stl_iterator_base_types.h:127:12: note: 'iterator<std::forward_iterator_tag, hemelb::io::xml::Element>' has been explicitly marked deprecated here
  127 |     struct _GLIBCXX17_DEPRECATED iterator
      |            ^
/usr/lib/gcc/x86_64-linux-gnu/14/../../../../include/x86_64-linux-gnu/c++/14/bits/c++config.h:123:34: note: expanded from macro '_GLIBCXX17_DEPRECATED'
  123 | # define _GLIBCXX17_DEPRECATED [[__deprecated__]]
      |                                  ^
1 warning generated when compiling for host.
[ 89%] Linking HIP static library libhemelb_colloidsBCs.a
[ 89%] Built target hemelb_colloidsBCs
1 warning generated when compiling for host.
In file included from /home/hpc-i/student10/HemePure_GPU_AMD/src/lb/StabilityTester.cc:7:
In file included from /home/hpc-i/student10/HemePure_GPU_AMD/src/lb/StabilityTester.h:11:
In file included from /home/hpc-i/student10/HemePure_GPU_AMD/src/geometry/LatticeData.h:18:
In file included from /home/hpc-i/student10/HemePure_GPU_AMD/src/configuration/SimConfig.h:19:
/home/hpc-i/student10/HemePure_GPU_AMD/src/io/xml/XmlAbstractionLayer.h:241:41: warning: 'iterator<std::forward_iterator_tag, hemelb::io::xml::Element>' is deprecated [-Wdeprecated-declarations]
  241 |       class ChildIterator : public std::iterator<std::forward_iterator_tag, Element>
      |                                         ^
/usr/lib/gcc/x86_64-linux-gnu/14/../../../../include/c++/14/bits/stl_iterator_base_types.h:127:12: note: 'iterator<std::forward_iterator_tag, hemelb::io::xml::Element>' has been explicitly marked deprecated here
  127 |     struct _GLIBCXX17_DEPRECATED iterator
      |            ^
/usr/lib/gcc/x86_64-linux-gnu/14/../../../../include/x86_64-linux-gnu/c++/14/bits/c++config.h:123:34: note: expanded from macro '_GLIBCXX17_DEPRECATED'
  123 | # define _GLIBCXX17_DEPRECATED [[__deprecated__]]
      |                                  ^
[ 90%] Linking HIP static library libhemelb_colloidsForces.a
[ 90%] Built target hemelb_colloidsForces
1 warning generated when compiling for gfx1201.
In file included from /home/hpc-i/student10/HemePure_GPU_AMD/src/lb/StabilityTester.cc:7:
In file included from /home/hpc-i/student10/HemePure_GPU_AMD/src/lb/StabilityTester.h:16:
/home/hpc-i/student10/HemePure_GPU_AMD/src/cuda_kernels_def_decl/cuda_params.h:401:2: warning: '/*' within block comment [-Wcomment]
  401 |         /* Despite its name, this method does not compute the whole pi tensor (i.e. momentum flux tensor). What it does is
      |         ^
/home/hpc-i/student10/HemePure_GPU_AMD/src/cuda_kernels_def_decl/cuda_params.h:466:2: warning: '/*' within block comment [-Wcomment]
  466 |         /* Despite its name, this method does not compute the whole pi tensor (i.e. momentum flux tensor). What it does is
      |         ^
1 warning generated when compiling for gfx1201.
3 warnings generated when compiling for gfx1201.
In file included from /home/hpc-i/student10/HemePure_GPU_AMD/src/lb/MacroscopicPropertyCache.cc:7:
In file included from /home/hpc-i/student10/HemePure_GPU_AMD/src/lb/MacroscopicPropertyCache.h:11:
In file included from /home/hpc-i/student10/HemePure_GPU_AMD/src/geometry/LatticeData.h:18:
In file included from /home/hpc-i/student10/HemePure_GPU_AMD/src/configuration/SimConfig.h:19:
/home/hpc-i/student10/HemePure_GPU_AMD/src/io/xml/XmlAbstractionLayer.h:241:41: warning: 'iterator<std::forward_iterator_tag, hemelb::io::xml::Element>' is deprecated [-Wdeprecated-declarations]
  241 |       class ChildIterator : public std::iterator<std::forward_iterator_tag, Element>
      |                                         ^
/usr/lib/gcc/x86_64-linux-gnu/14/../../../../include/c++/14/bits/stl_iterator_base_types.h:127:12: note: 'iterator<std::forward_iterator_tag, hemelb::io::xml::Element>' has been explicitly marked deprecated here
  127 |     struct _GLIBCXX17_DEPRECATED iterator
      |            ^
/usr/lib/gcc/x86_64-linux-gnu/14/../../../../include/x86_64-linux-gnu/c++/14/bits/c++config.h:123:34: note: expanded from macro '_GLIBCXX17_DEPRECATED'
  123 | # define _GLIBCXX17_DEPRECATED [[__deprecated__]]
      |                                  ^
In file included from /home/hpc-i/student10/HemePure_GPU_AMD/src/lb/InitialCondition.cc:6:
In file included from /home/hpc-i/student10/HemePure_GPU_AMD/src/lb/InitialCondition.h:11:
In file included from /home/hpc-i/student10/HemePure_GPU_AMD/src/geometry/LatticeData.h:18:
In file included from /home/hpc-i/student10/HemePure_GPU_AMD/src/configuration/SimConfig.h:19:
/home/hpc-i/student10/HemePure_GPU_AMD/src/io/xml/XmlAbstractionLayer.h:241:41: warning: 'iterator<std::forward_iterator_tag, hemelb::io::xml::Element>' is deprecated [-Wdeprecated-declarations]
  241 |       class ChildIterator : public std::iterator<std::forward_iterator_tag, Element>
      |                                         ^
/usr/lib/gcc/x86_64-linux-gnu/14/../../../../include/c++/14/bits/stl_iterator_base_types.h:127:12: note: 'iterator<std::forward_iterator_tag, hemelb::io::xml::Element>' has been explicitly marked deprecated here
  127 |     struct _GLIBCXX17_DEPRECATED iterator
      |            ^
/usr/lib/gcc/x86_64-linux-gnu/14/../../../../include/x86_64-linux-gnu/c++/14/bits/c++config.h:123:34: note: expanded from macro '_GLIBCXX17_DEPRECATED'
  123 | # define _GLIBCXX17_DEPRECATED [[__deprecated__]]
      |                                  ^
In file included from /home/hpc-i/student10/HemePure_GPU_AMD/src/lb/StabilityTester.cc:7:
In file included from /home/hpc-i/student10/HemePure_GPU_AMD/src/lb/StabilityTester.h:11:
In file included from /home/hpc-i/student10/HemePure_GPU_AMD/src/geometry/LatticeData.h:18:
In file included from /home/hpc-i/student10/HemePure_GPU_AMD/src/configuration/SimConfig.h:19:
/home/hpc-i/student10/HemePure_GPU_AMD/src/io/xml/XmlAbstractionLayer.h:241:41: warning: 'iterator<std::forward_iterator_tag, hemelb::io::xml::Element>' is deprecated [-Wdeprecated-declarations]
  241 |       class ChildIterator : public std::iterator<std::forward_iterator_tag, Element>
      |                                         ^
/usr/lib/gcc/x86_64-linux-gnu/14/../../../../include/c++/14/bits/stl_iterator_base_types.h:127:12: note: 'iterator<std::forward_iterator_tag, hemelb::io::xml::Element>' has been explicitly marked deprecated here
  127 |     struct _GLIBCXX17_DEPRECATED iterator
      |            ^
/usr/lib/gcc/x86_64-linux-gnu/14/../../../../include/x86_64-linux-gnu/c++/14/bits/c++config.h:123:34: note: expanded from macro '_GLIBCXX17_DEPRECATED'
  123 | # define _GLIBCXX17_DEPRECATED [[__deprecated__]]
      |                                  ^
1 warning generated when compiling for host.
In file included from /home/hpc-i/student10/HemePure_GPU_AMD/src/lb/StabilityTester.cc:7:
In file included from /home/hpc-i/student10/HemePure_GPU_AMD/src/lb/StabilityTester.h:16:
/home/hpc-i/student10/HemePure_GPU_AMD/src/cuda_kernels_def_decl/cuda_params.h:401:2: warning: '/*' within block comment [-Wcomment]
  401 |         /* Despite its name, this method does not compute the whole pi tensor (i.e. momentum flux tensor). What it does is
      |         ^
/home/hpc-i/student10/HemePure_GPU_AMD/src/cuda_kernels_def_decl/cuda_params.h:466:2: warning: '/*' within block comment [-Wcomment]
  466 |         /* Despite its name, this method does not compute the whole pi tensor (i.e. momentum flux tensor). What it does is
      |         ^
1 warning generated when compiling for host.
3 warnings generated when compiling for host.
[ 91%] Linking HIP static library libhemelb_lb.a
[ 91%] Built target hemelb_lb
[ 92%] Building HIP object colloids/CMakeFiles/hemelb_colloids.dir/ParticleMpiDatatypes.cc.o
[ 93%] Building CXX object colloids/CMakeFiles/hemelb_colloids.dir/PersistedParticle.cc.o
[ 93%] Building HIP object colloids/CMakeFiles/hemelb_colloids.dir/Particle.cc.o
[ 94%] Building HIP object colloids/CMakeFiles/hemelb_colloids.dir/ParticleSet.cc.o
[ 95%] Building HIP object colloids/CMakeFiles/hemelb_colloids.dir/ColloidController.cc.o
In file included from /home/hpc-i/student10/HemePure_GPU_AMD/src/colloids/Particle.cc:7:
In file included from /home/hpc-i/student10/HemePure_GPU_AMD/src/colloids/Particle.h:11:
In file included from /home/hpc-i/student10/HemePure_GPU_AMD/src/colloids/PersistedParticle.h:10:
/home/hpc-i/student10/HemePure_GPU_AMD/src/io/xml/XmlAbstractionLayer.h:241:41: warning: 'iterator<std::forward_iterator_tag, hemelb::io::xml::Element>' is deprecated [-Wdeprecated-declarations]
  241 |       class ChildIterator : public std::iterator<std::forward_iterator_tag, Element>
      |                                         ^
/usr/lib/gcc/x86_64-linux-gnu/14/../../../../include/c++/14/bits/stl_iterator_base_types.h:127:12: note: 'iterator<std::forward_iterator_tag, hemelb::io::xml::Element>' has been explicitly marked deprecated here
  127 |     struct _GLIBCXX17_DEPRECATED iterator
      |            ^
/usr/lib/gcc/x86_64-linux-gnu/14/../../../../include/x86_64-linux-gnu/c++/14/bits/c++config.h:123:34: note: expanded from macro '_GLIBCXX17_DEPRECATED'
  123 | # define _GLIBCXX17_DEPRECATED [[__deprecated__]]
      |                                  ^
In file included from /home/hpc-i/student10/HemePure_GPU_AMD/src/colloids/ParticleMpiDatatypes.cc:7:
In file included from /home/hpc-i/student10/HemePure_GPU_AMD/src/colloids/Particle.h:11:
In file included from /home/hpc-i/student10/HemePure_GPU_AMD/src/colloids/PersistedParticle.h:10:
/home/hpc-i/student10/HemePure_GPU_AMD/src/io/xml/XmlAbstractionLayer.h:241:41: warning: 'iterator<std::forward_iterator_tag, hemelb::io::xml::Element>' is deprecated [-Wdeprecated-declarations]
  241 |       class ChildIterator : public std::iterator<std::forward_iterator_tag, Element>
      |                                         ^
/usr/lib/gcc/x86_64-linux-gnu/14/../../../../include/c++/14/bits/stl_iterator_base_types.h:127:12: note: 'iterator<std::forward_iterator_tag, hemelb::io::xml::Element>' has been explicitly marked deprecated here
  127 |     struct _GLIBCXX17_DEPRECATED iterator
      |            ^
/usr/lib/gcc/x86_64-linux-gnu/14/../../../../include/x86_64-linux-gnu/c++/14/bits/c++config.h:123:34: note: expanded from macro '_GLIBCXX17_DEPRECATED'
  123 | # define _GLIBCXX17_DEPRECATED [[__deprecated__]]
      |                                  ^
In file included from /home/hpc-i/student10/HemePure_GPU_AMD/src/colloids/ParticleSet.cc:10:
In file included from /home/hpc-i/student10/HemePure_GPU_AMD/src/colloids/ParticleSet.h:13:
In file included from /home/hpc-i/student10/HemePure_GPU_AMD/src/geometry/LatticeData.h:18:
In file included from /home/hpc-i/student10/HemePure_GPU_AMD/src/configuration/SimConfig.h:19:
/home/hpc-i/student10/HemePure_GPU_AMD/src/io/xml/XmlAbstractionLayer.h:241:41: warning: 'iterator<std::forward_iterator_tag, hemelb::io::xml::Element>' is deprecated [-Wdeprecated-declarations]
  241 |       class ChildIterator : public std::iterator<std::forward_iterator_tag, Element>
      |                                         ^
/usr/lib/gcc/x86_64-linux-gnu/14/../../../../include/c++/14/bits/stl_iterator_base_types.h:127:12: note: 'iterator<std::forward_iterator_tag, hemelb::io::xml::Element>' has been explicitly marked deprecated here
  127 |     struct _GLIBCXX17_DEPRECATED iterator
      |            ^
/usr/lib/gcc/x86_64-linux-gnu/14/../../../../include/x86_64-linux-gnu/c++/14/bits/c++config.h:123:34: note: expanded from macro '_GLIBCXX17_DEPRECATED'
  123 | # define _GLIBCXX17_DEPRECATED [[__deprecated__]]
      |                                  ^
/home/hpc-i/student10/HemePure_GPU_AMD/src/colloids/ParticleSet.cc:405:22: warning: 'mem_fun_ref<const bool, hemelb::colloids::Particle>' is deprecated: use 'std::mem_fn' instead [-Wdeprecated-declarations]
  405 |                                                 std::not1(std::mem_fun_ref(&Particle::IsReadyToBeDeleted)));
      |                                                                ^
/usr/lib/gcc/x86_64-linux-gnu/14/../../../../include/c++/14/bits/stl_function.h:1384:5: note: 'mem_fun_ref<const bool, hemelb::colloids::Particle>' has been explicitly marked deprecated here
 1384 |     _GLIBCXX11_DEPRECATED_SUGGEST("std::mem_fn")
      |     ^
/usr/lib/gcc/x86_64-linux-gnu/14/../../../../include/x86_64-linux-gnu/c++/14/bits/c++config.h:108:45: note: expanded from macro '_GLIBCXX11_DEPRECATED_SUGGEST'
  108 | # define _GLIBCXX11_DEPRECATED_SUGGEST(ALT) _GLIBCXX_DEPRECATED_SUGGEST(ALT)
      |                                             ^
/usr/lib/gcc/x86_64-linux-gnu/14/../../../../include/x86_64-linux-gnu/c++/14/bits/c++config.h:100:19: note: expanded from macro '_GLIBCXX_DEPRECATED_SUGGEST'
  100 |   __attribute__ ((__deprecated__ ("use '" ALT "' instead")))
      |                   ^
/home/hpc-i/student10/HemePure_GPU_AMD/src/colloids/ParticleSet.cc:405:12: warning: 'not1<std::const_mem_fun_ref_t<const bool, hemelb::colloids::Particle>>' is deprecated: use 'std::not_fn' instead [-Wdeprecated-declarations]
  405 |                                                 std::not1(std::mem_fun_ref(&Particle::IsReadyToBeDeleted)));
      |                                                      ^
/usr/lib/gcc/x86_64-linux-gnu/14/../../../../include/c++/14/bits/stl_function.h:1040:5: note: 'not1<std::const_mem_fun_ref_t<const bool, hemelb::colloids::Particle>>' has been explicitly marked deprecated here
 1040 |     _GLIBCXX17_DEPRECATED_SUGGEST("std::not_fn")
      |     ^
/usr/lib/gcc/x86_64-linux-gnu/14/../../../../include/x86_64-linux-gnu/c++/14/bits/c++config.h:124:45: note: expanded from macro '_GLIBCXX17_DEPRECATED_SUGGEST'
  124 | # define _GLIBCXX17_DEPRECATED_SUGGEST(ALT) _GLIBCXX_DEPRECATED_SUGGEST(ALT)
      |                                             ^
/usr/lib/gcc/x86_64-linux-gnu/14/../../../../include/x86_64-linux-gnu/c++/14/bits/c++config.h:100:19: note: expanded from macro '_GLIBCXX_DEPRECATED_SUGGEST'
  100 |   __attribute__ ((__deprecated__ ("use '" ALT "' instead")))
      |                   ^
/home/hpc-i/student10/HemePure_GPU_AMD/src/colloids/ParticleSet.cc:542:25: warning: 'mem_fun_ref<const bool, hemelb::colloids::Particle, std::map<int, std::pair<unsigned int, unsigned int>>>' is deprecated: use 'std::mem_fn' instead [-Wdeprecated-declarations]
  542 |                                                 std::bind2nd(std::mem_fun_ref(&Particle::IsOwnerRankKnown), scanMap));
      |                                                                   ^
/usr/lib/gcc/x86_64-linux-gnu/14/../../../../include/c++/14/bits/stl_function.h:1408:5: note: 'mem_fun_ref<const bool, hemelb::colloids::Particle, std::map<int, std::pair<unsigned int, unsigned int>>>' has been explicitly marked deprecated here
 1408 |     _GLIBCXX11_DEPRECATED_SUGGEST("std::mem_fn")
      |     ^
/usr/lib/gcc/x86_64-linux-gnu/14/../../../../include/x86_64-linux-gnu/c++/14/bits/c++config.h:108:45: note: expanded from macro '_GLIBCXX11_DEPRECATED_SUGGEST'
  108 | # define _GLIBCXX11_DEPRECATED_SUGGEST(ALT) _GLIBCXX_DEPRECATED_SUGGEST(ALT)
      |                                             ^
/usr/lib/gcc/x86_64-linux-gnu/14/../../../../include/x86_64-linux-gnu/c++/14/bits/c++config.h:100:19: note: expanded from macro '_GLIBCXX_DEPRECATED_SUGGEST'
  100 |   __attribute__ ((__deprecated__ ("use '" ALT "' instead")))
      |                   ^
/home/hpc-i/student10/HemePure_GPU_AMD/src/colloids/ParticleSet.cc:542:12: warning: 'bind2nd<std::const_mem_fun1_ref_t<const bool, hemelb::colloids::Particle, std::map<int, std::pair<unsigned int, unsigned int>>>, std::map<int, std::pair<unsigned int, unsigned int>>>' is deprecated: use 'std::bind' instead [-Wdeprecated-declarations]
  542 |                                                 std::bind2nd(std::mem_fun_ref(&Particle::IsOwnerRankKnown), scanMap));
      |                                                      ^
/usr/lib/gcc/x86_64-linux-gnu/14/../../../../include/c++/14/backward/binders.h:170:5: note: 'bind2nd<std::const_mem_fun1_ref_t<const bool, hemelb::colloids::Particle, std::map<int, std::pair<unsigned int, unsigned int>>>, std::map<int, std::pair<unsigned int, unsigned int>>>' has been explicitly marked deprecated here
  170 |     _GLIBCXX11_DEPRECATED_SUGGEST("std::bind")
      |     ^
/usr/lib/gcc/x86_64-linux-gnu/14/../../../../include/x86_64-linux-gnu/c++/14/bits/c++config.h:108:45: note: expanded from macro '_GLIBCXX11_DEPRECATED_SUGGEST'
  108 | # define _GLIBCXX11_DEPRECATED_SUGGEST(ALT) _GLIBCXX_DEPRECATED_SUGGEST(ALT)
      |                                             ^
/usr/lib/gcc/x86_64-linux-gnu/14/../../../../include/x86_64-linux-gnu/c++/14/bits/c++config.h:100:19: note: expanded from macro '_GLIBCXX_DEPRECATED_SUGGEST'
  100 |   __attribute__ ((__deprecated__ ("use '" ALT "' instead")))
      |                   ^
In file included from /home/hpc-i/student10/HemePure_GPU_AMD/src/colloids/ColloidController.cc:7:
In file included from /home/hpc-i/student10/HemePure_GPU_AMD/src/colloids/ColloidController.h:13:
In file included from /home/hpc-i/student10/HemePure_GPU_AMD/src/geometry/LatticeData.h:18:
In file included from /home/hpc-i/student10/HemePure_GPU_AMD/src/configuration/SimConfig.h:19:
/home/hpc-i/student10/HemePure_GPU_AMD/src/io/xml/XmlAbstractionLayer.h:241:41: warning: 'iterator<std::forward_iterator_tag, hemelb::io::xml::Element>' is deprecated [-Wdeprecated-declarations]
  241 |       class ChildIterator : public std::iterator<std::forward_iterator_tag, Element>
      |                                         ^
/usr/lib/gcc/x86_64-linux-gnu/14/../../../../include/c++/14/bits/stl_iterator_base_types.h:127:12: note: 'iterator<std::forward_iterator_tag, hemelb::io::xml::Element>' has been explicitly marked deprecated here
  127 |     struct _GLIBCXX17_DEPRECATED iterator
      |            ^
/usr/lib/gcc/x86_64-linux-gnu/14/../../../../include/x86_64-linux-gnu/c++/14/bits/c++config.h:123:34: note: expanded from macro '_GLIBCXX17_DEPRECATED'
  123 | # define _GLIBCXX17_DEPRECATED [[__deprecated__]]
      |                                  ^
1 warning generated when compiling for gfx1201.
1 warning generated when compiling for gfx1201.
5 warnings generated when compiling for gfx1201.
In file included from /home/hpc-i/student10/HemePure_GPU_AMD/src/colloids/ParticleMpiDatatypes.cc:7:
In file included from /home/hpc-i/student10/HemePure_GPU_AMD/src/colloids/Particle.h:11:
In file included from /home/hpc-i/student10/HemePure_GPU_AMD/src/colloids/PersistedParticle.h:10:
/home/hpc-i/student10/HemePure_GPU_AMD/src/io/xml/XmlAbstractionLayer.h:241:41: warning: 'iterator<std::forward_iterator_tag, hemelb::io::xml::Element>' is deprecated [-Wdeprecated-declarations]
  241 |       class ChildIterator : public std::iterator<std::forward_iterator_tag, Element>
      |                                         ^
/usr/lib/gcc/x86_64-linux-gnu/14/../../../../include/c++/14/bits/stl_iterator_base_types.h:127:12: note: 'iterator<std::forward_iterator_tag, hemelb::io::xml::Element>' has been explicitly marked deprecated here
  127 |     struct _GLIBCXX17_DEPRECATED iterator
      |            ^
/usr/lib/gcc/x86_64-linux-gnu/14/../../../../include/x86_64-linux-gnu/c++/14/bits/c++config.h:123:34: note: expanded from macro '_GLIBCXX17_DEPRECATED'
  123 | # define _GLIBCXX17_DEPRECATED [[__deprecated__]]
      |                                  ^
In file included from /home/hpc-i/student10/HemePure_GPU_AMD/src/colloids/Particle.cc:7:
In file included from /home/hpc-i/student10/HemePure_GPU_AMD/src/colloids/Particle.h:11:
In file included from /home/hpc-i/student10/HemePure_GPU_AMD/src/colloids/PersistedParticle.h:10:
/home/hpc-i/student10/HemePure_GPU_AMD/src/io/xml/XmlAbstractionLayer.h:241:41: warning: 'iterator<std::forward_iterator_tag, hemelb::io::xml::Element>' is deprecated [-Wdeprecated-declarations]
  241 |       class ChildIterator : public std::iterator<std::forward_iterator_tag, Element>
      |                                         ^
/usr/lib/gcc/x86_64-linux-gnu/14/../../../../include/c++/14/bits/stl_iterator_base_types.h:127:12: note: 'iterator<std::forward_iterator_tag, hemelb::io::xml::Element>' has been explicitly marked deprecated here
  127 |     struct _GLIBCXX17_DEPRECATED iterator
      |            ^
/usr/lib/gcc/x86_64-linux-gnu/14/../../../../include/x86_64-linux-gnu/c++/14/bits/c++config.h:123:34: note: expanded from macro '_GLIBCXX17_DEPRECATED'
  123 | # define _GLIBCXX17_DEPRECATED [[__deprecated__]]
      |                                  ^
1 warning generated when compiling for gfx1201.
In file included from /home/hpc-i/student10/HemePure_GPU_AMD/src/colloids/ParticleSet.cc:10:
In file included from /home/hpc-i/student10/HemePure_GPU_AMD/src/colloids/ParticleSet.h:13:
In file included from /home/hpc-i/student10/HemePure_GPU_AMD/src/geometry/LatticeData.h:18:
In file included from /home/hpc-i/student10/HemePure_GPU_AMD/src/configuration/SimConfig.h:19:
/home/hpc-i/student10/HemePure_GPU_AMD/src/io/xml/XmlAbstractionLayer.h:241:41: warning: 'iterator<std::forward_iterator_tag, hemelb::io::xml::Element>' is deprecated [-Wdeprecated-declarations]
  241 |       class ChildIterator : public std::iterator<std::forward_iterator_tag, Element>
      |                                         ^
/usr/lib/gcc/x86_64-linux-gnu/14/../../../../include/c++/14/bits/stl_iterator_base_types.h:127:12: note: 'iterator<std::forward_iterator_tag, hemelb::io::xml::Element>' has been explicitly marked deprecated here
  127 |     struct _GLIBCXX17_DEPRECATED iterator
      |            ^
/usr/lib/gcc/x86_64-linux-gnu/14/../../../../include/x86_64-linux-gnu/c++/14/bits/c++config.h:123:34: note: expanded from macro '_GLIBCXX17_DEPRECATED'
  123 | # define _GLIBCXX17_DEPRECATED [[__deprecated__]]
      |                                  ^
1 warning generated when compiling for host.
1 warning generated when compiling for host.
/home/hpc-i/student10/HemePure_GPU_AMD/src/colloids/ParticleSet.cc:405:22: warning: 'mem_fun_ref<const bool, hemelb::colloids::Particle>' is deprecated: use 'std::mem_fn' instead [-Wdeprecated-declarations]
  405In file included from  | /home/hpc-i/student10/HemePure_GPU_AMD/src/colloids/ColloidController.cc        :        7        :
        In file included from         /home/hpc-i/student10/HemePure_GPU_AMD/src/colloids/ColloidController.h        :s13t:
dIn file included from :/home/hpc-i/student10/HemePure_GPU_AMD/src/geometry/LatticeData.h::n18o:
tIn file included from 1/home/hpc-i/student10/HemePure_GPU_AMD/src/configuration/SimConfig.h(:s19t:
d/home/hpc-i/student10/HemePure_GPU_AMD/src/io/xml/XmlAbstractionLayer.h:::241m:e41m:_ fwarning: u'iterator<std::forward_iterator_tag, hemelb::io::xml::Element>' is deprecated [-Wdeprecated-declarations]n
_ref(&Par  t241i | c l e : : I scRleaasdsy TCohBielDdeIlteetreadt)o)r) ;:
       p| u                                                               ^b
lic std::ite/usr/lib/gcc/x86_64-linux-gnu/14/../../../../include/c++/14/bits/stl_function.hr:a1384t:o5r:< snote: t'mem_fun_ref<const bool, hemelb::colloids::Particle>' has been explicitly marked deprecated hered
: :1384f | o r w a r_dG_LiItBeCrXaXt1o1r__DtEaPgR,E CEAlTeEmDe_nStU>G
G      E| S                                        ^T
("std/usr/lib/gcc/x86_64-linux-gnu/14/../../../../include/c++/14/bits/stl_iterator_base_types.h:::127m:e12m:_ fnote: n'iterator<std::forward_iterator_tag, hemelb::io::xml::Element>' has been explicitly marked deprecated here"
)
        127|  |     ^ 
   /usr/lib/gcc/x86_64-linux-gnu/14/../../../../include/x86_64-linux-gnu/c++/14/bits/c++config.hs:t108r:u45c:t  note: _expanded from macro '_GLIBCXX11_DEPRECATED_SUGGEST'G
LI  B108C | X#X 1d7e_fDiEnPeR E_CGALTIEBDC XiXt1e1r_aDtEoPrR
E      C| A           ^T
ED/usr/lib/gcc/x86_64-linux-gnu/14/../../../../include/x86_64-linux-gnu/c++/14/bits/c++config.h_:S123U:G34G:E Snote: Texpanded from macro '_GLIBCXX17_DEPRECATED'(
AL  T123) |  #_ GdLeIfBiCnXeX __DGELPIRBECCXAXT1E7D__DSEUPGRGEECSATT(EADL T[)[
_      _| d                                            ^e
p/usr/lib/gcc/x86_64-linux-gnu/14/../../../../include/x86_64-linux-gnu/c++/14/bits/c++config.hr:e100c:a19t:e dnote: _expanded from macro '_GLIBCXX_DEPRECATED_SUGGEST'_
]]  
100       | |                                   ^ 
__attribute__ ((__deprecated__ ("use '" ALT "' instead")))
      |                   ^
/home/hpc-i/student10/HemePure_GPU_AMD/src/colloids/ParticleSet.cc:405:12: warning: 'not1<std::const_mem_fun_ref_t<const bool, hemelb::colloids::Particle>>' is deprecated: use 'std::not_fn' instead [-Wdeprecated-declarations]
  405 |                                                 std::not1(std::mem_fun_ref(&Particle::IsReadyToBeDeleted)));
      |                                                      ^
/usr/lib/gcc/x86_64-linux-gnu/14/../../../../include/c++/14/bits/stl_function.h:1040:5: note: 'not1<std::const_mem_fun_ref_t<const bool, hemelb::colloids::Particle>>' has been explicitly marked deprecated here
 1040 |     _GLIBCXX17_DEPRECATED_SUGGEST("std::not_fn")
      |     ^
/usr/lib/gcc/x86_64-linux-gnu/14/../../../../include/x86_64-linux-gnu/c++/14/bits/c++config.h:124:45: note: expanded from macro '_GLIBCXX17_DEPRECATED_SUGGEST'
  124 | # define _GLIBCXX17_DEPRECATED_SUGGEST(ALT) _GLIBCXX_DEPRECATED_SUGGEST(ALT)
      |                                             ^
/usr/lib/gcc/x86_64-linux-gnu/14/../../../../include/x86_64-linux-gnu/c++/14/bits/c++config.h:100:19: note: expanded from macro '_GLIBCXX_DEPRECATED_SUGGEST'
  100 |   __attribute__ ((__deprecated__ ("use '" ALT "' instead")))
      |                   ^
/home/hpc-i/student10/HemePure_GPU_AMD/src/colloids/ParticleSet.cc:542:25: warning: 'mem_fun_ref<const bool, hemelb::colloids::Particle, std::map<int, std::pair<unsigned int, unsigned int>>>' is deprecated: use 'std::mem_fn' instead [-Wdeprecated-declarations]
  542 |                                                 std::bind2nd(std::mem_fun_ref(&Particle::IsOwnerRankKnown), scanMap));
      |                                                                   ^
/usr/lib/gcc/x86_64-linux-gnu/14/../../../../include/c++/14/bits/stl_function.h:1408:5: note: 'mem_fun_ref<const bool, hemelb::colloids::Particle, std::map<int, std::pair<unsigned int, unsigned int>>>' has been explicitly marked deprecated here
 1408 |     _GLIBCXX11_DEPRECATED_SUGGEST("std::mem_fn")
      |     ^
/usr/lib/gcc/x86_64-linux-gnu/14/../../../../include/x86_64-linux-gnu/c++/14/bits/c++config.h:108:45: note: expanded from macro '_GLIBCXX11_DEPRECATED_SUGGEST'
  108 | # define _GLIBCXX11_DEPRECATED_SUGGEST(ALT) _GLIBCXX_DEPRECATED_SUGGEST(ALT)
      |                                             ^
/usr/lib/gcc/x86_64-linux-gnu/14/../../../../include/x86_64-linux-gnu/c++/14/bits/c++config.h:100:19: note: expanded from macro '_GLIBCXX_DEPRECATED_SUGGEST'
  100 |   __attribute__ ((__deprecated__ ("use '" ALT "' instead")))
      |                   ^
/home/hpc-i/student10/HemePure_GPU_AMD/src/colloids/ParticleSet.cc:542:12: warning: 'bind2nd<std::const_mem_fun1_ref_t<const bool, hemelb::colloids::Particle, std::map<int, std::pair<unsigned int, unsigned int>>>, std::map<int, std::pair<unsigned int, unsigned int>>>' is deprecated: use 'std::bind' instead [-Wdeprecated-declarations]
  542 |                                                 std::bind2nd(std::mem_fun_ref(&Particle::IsOwnerRankKnown), scanMap));
      |                                                      ^
/usr/lib/gcc/x86_64-linux-gnu/14/../../../../include/c++/14/backward/binders.h:170:5: note: 'bind2nd<std::const_mem_fun1_ref_t<const bool, hemelb::colloids::Particle, std::map<int, std::pair<unsigned int, unsigned int>>>, std::map<int, std::pair<unsigned int, unsigned int>>>' has been explicitly marked deprecated here
  170 |     _GLIBCXX11_DEPRECATED_SUGGEST("std::bind")
      |     ^
/usr/lib/gcc/x86_64-linux-gnu/14/../../../../include/x86_64-linux-gnu/c++/14/bits/c++config.h:108:45: note: expanded from macro '_GLIBCXX11_DEPRECATED_SUGGEST'
  108 | # define _GLIBCXX11_DEPRECATED_SUGGEST(ALT) _GLIBCXX_DEPRECATED_SUGGEST(ALT)
      |                                             ^
/usr/lib/gcc/x86_64-linux-gnu/14/../../../../include/x86_64-linux-gnu/c++/14/bits/c++config.h:100:19: note: expanded from macro '_GLIBCXX_DEPRECATED_SUGGEST'
  100 |   __attribute__ ((__deprecated__ ("use '" ALT "' instead")))
      |                   ^
5 warnings generated when compiling for host.
1 warning generated when compiling for host.
[ 96%] Linking HIP static library libhemelb_colloids.a
[ 96%] Built target hemelb_colloids
[ 97%] Building CXX object CMakeFiles/io_tool.dir/io_tool.cc.o
[ 98%] Building HIP object CMakeFiles/hemepure_gpu.dir/main.cc.o
In file included from /home/hpc-i/student10/HemePure_GPU_AMD/src/main.cc:10:
In file included from /home/hpc-i/student10/HemePure_GPU_AMD/src/SimulationMaster.h:10:
In file included from /home/hpc-i/student10/HemePure_GPU_AMD/src/extraction/PropertyActor.h:11:
In file included from /home/hpc-i/student10/HemePure_GPU_AMD/src/io/PathManager.h:14:
In file included from /home/hpc-i/student10/HemePure_GPU_AMD/src/configuration/SimConfig.h:19:
/home/hpc-i/student10/HemePure_GPU_AMD/src/io/xml/XmlAbstractionLayer.h:241:41: warning: 'iterator<std::forward_iterator_tag, hemelb::io::xml::Element>' is deprecated [-Wdeprecated-declarations]
  241 |       class ChildIterator : public std::iterator<std::forward_iterator_tag, Element>
      |                                         ^
/usr/lib/gcc/x86_64-linux-gnu/14/../../../../include/c++/14/bits/stl_iterator_base_types.h:127:12: note: 'iterator<std::forward_iterator_tag, hemelb::io::xml::Element>' has been explicitly marked deprecated here
  127 |     struct _GLIBCXX17_DEPRECATED iterator
      |            ^
/usr/lib/gcc/x86_64-linux-gnu/14/../../../../include/x86_64-linux-gnu/c++/14/bits/c++config.h:123:34: note: expanded from macro '_GLIBCXX17_DEPRECATED'
  123 | # define _GLIBCXX17_DEPRECATED [[__deprecated__]]
      |                                  ^
In file included from /home/hpc-i/student10/HemePure_GPU_AMD/src/main.cc:10:
In file included from /home/hpc-i/student10/HemePure_GPU_AMD/src/SimulationMaster.h:11:
In file included from /home/hpc-i/student10/HemePure_GPU_AMD/src/lb/lb.hpp:10:
In file included from /home/hpc-i/student10/HemePure_GPU_AMD/src/lb/lb.h:18:
In file included from /home/hpc-i/student10/HemePure_GPU_AMD/src/lb/BuildSystemInterface.h:10:
In file included from /home/hpc-i/student10/HemePure_GPU_AMD/src/lb/kernels/Kernels.h:15:
In file included from /home/hpc-i/student10/HemePure_GPU_AMD/src/lb/kernels/LBGKSpongeLayer.h:14:
/home/hpc-i/student10/HemePure_GPU_AMD/src/cuda_kernels_def_decl/cuda_params.h:401:2: warning: '/*' within block comment [-Wcomment]
  401 |         /* Despite its name, this method does not compute the whole pi tensor (i.e. momentum flux tensor). What it does is
      |         ^
/home/hpc-i/student10/HemePure_GPU_AMD/src/cuda_kernels_def_decl/cuda_params.h:466:2: warning: '/*' within block comment [-Wcomment]
  466 |         /* Despite its name, this method does not compute the whole pi tensor (i.e. momentum flux tensor). What it does is
      |         ^
[ 99%] Linking HIP executable io_tool
[ 99%] Built target io_tool
3 warnings generated when compiling for gfx1201.
In file included from /home/hpc-i/student10/HemePure_GPU_AMD/src/main.cc:10:
In file included from /home/hpc-i/student10/HemePure_GPU_AMD/src/SimulationMaster.h:10:
In file included from /home/hpc-i/student10/HemePure_GPU_AMD/src/extraction/PropertyActor.h:11:
In file included from /home/hpc-i/student10/HemePure_GPU_AMD/src/io/PathManager.h:14:
In file included from /home/hpc-i/student10/HemePure_GPU_AMD/src/configuration/SimConfig.h:19:
/home/hpc-i/student10/HemePure_GPU_AMD/src/io/xml/XmlAbstractionLayer.h:241:41: warning: 'iterator<std::forward_iterator_tag, hemelb::io::xml::Element>' is deprecated [-Wdeprecated-declarations]
  241 |       class ChildIterator : public std::iterator<std::forward_iterator_tag, Element>
      |                                         ^
/usr/lib/gcc/x86_64-linux-gnu/14/../../../../include/c++/14/bits/stl_iterator_base_types.h:127:12: note: 'iterator<std::forward_iterator_tag, hemelb::io::xml::Element>' has been explicitly marked deprecated here
  127 |     struct _GLIBCXX17_DEPRECATED iterator
      |            ^
/usr/lib/gcc/x86_64-linux-gnu/14/../../../../include/x86_64-linux-gnu/c++/14/bits/c++config.h:123:34: note: expanded from macro '_GLIBCXX17_DEPRECATED'
  123 | # define _GLIBCXX17_DEPRECATED [[__deprecated__]]
      |                                  ^
In file included from /home/hpc-i/student10/HemePure_GPU_AMD/src/main.cc:10:
In file included from /home/hpc-i/student10/HemePure_GPU_AMD/src/SimulationMaster.h:11:
In file included from /home/hpc-i/student10/HemePure_GPU_AMD/src/lb/lb.hpp:10:
In file included from /home/hpc-i/student10/HemePure_GPU_AMD/src/lb/lb.h:18:
In file included from /home/hpc-i/student10/HemePure_GPU_AMD/src/lb/BuildSystemInterface.h:10:
In file included from /home/hpc-i/student10/HemePure_GPU_AMD/src/lb/kernels/Kernels.h:15:
In file included from /home/hpc-i/student10/HemePure_GPU_AMD/src/lb/kernels/LBGKSpongeLayer.h:14:
/home/hpc-i/student10/HemePure_GPU_AMD/src/cuda_kernels_def_decl/cuda_params.h:401:2: warning: '/*' within block comment [-Wcomment]
  401 |         /* Despite its name, this method does not compute the whole pi tensor (i.e. momentum flux tensor). What it does is
      |         ^
/home/hpc-i/student10/HemePure_GPU_AMD/src/cuda_kernels_def_decl/cuda_params.h:466:2: warning: '/*' within block comment [-Wcomment]
  466 |         /* Despite its name, this method does not compute the whole pi tensor (i.e. momentum flux tensor). What it does is
      |         ^
3 warnings generated when compiling for host.
[100%] Linking HIP executable hemepure_gpu
warning: overriding the module target triple with x86_64-unknown-linux-gnu [-Woverride-module]
1 warning generated.
warning: overriding the module target triple with amdgcn-amd-amdhsa [-Woverride-module]
1 warning generated.
[100%] Built target hemepure_gpu
==> VP done: /home/hpc-i/student10/HemePure_GPU_AMD/src/build/hemepure_gpu_VP
============================================================
==> Build complete. Executables:
-rwxrwxr-x 1 hpc-i-student10 hpc-i-student10 3694672 May 25 09:48 /home/hpc-i/student10/HemePure_GPU_AMD/src/build/hemepure_gpu_PP
    arch: gfx1201
-rwxrwxr-x 1 hpc-i-student10 hpc-i-student10 3702072 May 25 10:42 /home/hpc-i/student10/HemePure_GPU_AMD/src/build/hemepure_gpu_VP
    arch: gfx1201
